imputation_number,index,time,stl,gender
1,1,1,74.46,Female
1,2,1,47.95,Female
1,3,1,49.03,Female
1,4,1,55.29,Female
1,5,1,85.01,Female
1,6,1,72.49,Female
1,7,1,53.65,Female
1,8,1,72.87,Male
1,9,1,72.54,Female
1,10,1,64.86,Male
1,11,1,56.91,Male
1,12,1,77.05,Female
1,13,1,76.16,Male
1,14,1,51.88,Female
1,15,1,69.25,Male
1,16,1,54.77,Male
1,17,1,59.21,Female
1,18,1,61.31,Female
1,19,1,59.71,Female
1,20,1,76.54,Female
1,21,1,59.45,Female
1,22,1,72.48,Male
1,23,1,60.65,Male
1,24,1,62.53,Female
1,25,1,61.38,Female
1,26,1,55.64,Female
1,27,1,74.54,Male
1,28,1,52.49,Female
1,29,1,77.67,Female
1,30,1,56.81,Female
1,31,1,58.87,Male
1,32,1,53.86,Female
1,33,1,53.5,Female
1,34,1,60,Female
1,35,1,53.17,Female
1,36,1,59.36,Female
1,37,1,56.73,Female
1,38,1,66.4,Female
1,39,1,65.71,Male
1,40,1,52.47,Female
1,41,1,70.75,Male
1,42,1,69.99,Female
1,43,1,71.67,Female
1,44,2,60.99,Male
1,45,2,55.08,Male
1,46,2,59.12,Male
1,47,2,61.32,Male
1,48,2,57.64,Male
1,49,2,51.45,Female
1,50,2,52.72,Female
1,51,2,57.98,Female
1,52,2,59.37,Female
1,53,2,64.31,Female
1,54,2,54.93,Female
1,55,2,55.66,Female
1,56,2,55.47,Female
1,57,2,60.41,Female
1,58,2,63.4,Female
1,59,2,56.94,Female
1,60,2,70.4,Female
1,61,2,58.18,Female
1,62,2,51.13,Female
1,63,2,56.27,Female
1,64,2,62.05,Male
1,65,2,55.14,Female
1,66,2,60.12,Female
1,67,2,52.28,Male
1,68,2,49.29,Male
1,69,2,66.45,Female
1,70,2,72.2,Male
1,71,2,53.21,Male
1,72,2,54.56,Female
1,73,2,53.44,Female
1,74,2,59.38,Female
1,75,2,66.36,Male
1,76,2,74.16,Female
1,77,2,61.62,Female
1,78,2,65.56,Female
1,79,2,39.92,Male
1,80,2,58.56,Female
1,81,2,44.46,Male
1,82,2,54.14,Female
1,83,2,53.61,Female
1,84,2,75.88,Female
1,85,3,55.08,Female
1,86,3,43.63,Male
1,87,3,72.8,Male
1,88,3,59.88,Male
1,89,3,70.52,Female
1,90,3,59.77,Female
1,91,3,56.14,Female
1,92,3,47.06,Female
1,93,3,51.04,Male
1,94,3,53.87,Female
1,95,3,51,Male
1,96,3,59.54,Male
1,97,3,57.51,Male
1,98,3,38.6,Male
1,99,3,72.43,Female
1,100,3,55.12,Female
1,101,3,47.4,Male
1,102,3,68.51,Female
1,103,3,55.65,Male
1,104,3,44.4,Male
1,105,3,52.39,Male
1,106,3,45.48,Female
1,107,3,57.45,Female
1,108,3,56.03,Female
1,109,3,51.25,Male
1,110,3,50.14,Female
1,111,3,54.74,Male
1,112,3,58.91,Female
1,113,3,64.3,Female
1,114,3,49.92,Female
1,115,3,47.98,Male
1,116,3,48.84,Male
1,117,3,49.8,Male
1,118,3,66.06,Female
1,119,3,61.47,Female
1,120,3,56.34,Female
1,121,3,67.66,Female
1,122,3,58.25,Female
1,123,3,51.85,Male
1,124,3,72.67,Male
1,125,3,46.1,Female
1,126,3,45.44,Male
1,127,3,58.95,Female
1,128,3,49.54,Female
1,129,3,41.75,Female
1,130,3,45.1,Female
1,131,3,36.55,Female
1,132,3,51.26,Female
1,133,3,70.17,Male
1,134,3,58.36,Male
1,135,3,51.61,Male
1,136,4,71.54,Male
1,137,4,71.16,Male
1,138,4,62.49,Female
1,139,4,51.32,Female
1,140,4,63.42,Male
1,141,4,62.34,Male
1,142,4,54.04,Male
1,143,4,60.33,Female
1,144,4,53.49,Male
1,145,4,63.08,Female
1,146,4,67.16,Female
1,147,4,66.43,Male
1,148,4,63.29,Female
1,149,4,66.93,Female
1,150,4,59.46,Male
1,151,4,60.7,Male
1,152,4,67.63,Male
1,153,4,57.47,Female
1,154,4,55.79,Male
1,155,4,43.83,Male
1,156,4,50.36,Female
1,157,4,39.56,Female
1,158,4,74.53,Male
1,159,4,69.08,Male
1,160,4,66.57,Male
1,161,4,61.43,Male
1,162,4,56.2,Female
1,163,4,47.45,Male
1,164,4,63.12,Female
1,165,4,65.12,Female
1,166,4,60.83,Female
1,167,4,79.28,Female
1,168,4,64.86,Male
1,169,4,55.39,Female
1,170,4,60.77,Male
1,171,4,68.71,Female
1,172,4,60.72,Male
1,173,4,54.2,Female
1,174,4,61.11,Male
1,175,4,54.17,Female
1,176,4,50.53,Male
1,177,5,58.75,Female
1,178,5,69.17,Male
1,179,5,61.02,Male
1,180,5,54.48,Female
1,181,5,49.75,Female
1,182,5,57.03,Female
1,183,5,63.23,Female
1,184,5,63.28,Male
1,185,5,56.07,Male
1,186,5,66.46,Male
1,187,5,69.01,Male
1,188,5,55.97,Male
1,189,5,56.53,Female
1,190,5,61.54,Male
1,191,5,71.18,Male
1,192,5,59.02,Male
1,193,5,73.9,Female
1,194,5,66.49,Female
1,195,5,57.42,Female
1,196,5,48.33,Female
1,197,5,62.18,Female
1,198,5,54.27,Female
1,199,5,62.91,Female
1,200,5,69.13,Male
1,201,5,52.32,Male
1,202,5,58.87,Male
1,203,5,63.27,Male
1,204,5,52.12,Male
1,205,5,65.8,Female
1,206,5,71.42,Female
1,207,5,56.81,Female
1,208,5,50.64,Male
1,209,5,50.75,Female
1,210,5,51.88,Male
1,211,5,65.98,Male
1,212,5,61.64,Male
1,213,5,60.14,Male
1,214,5,52.24,Male
1,215,5,68.84,Male
1,216,5,51.72,Male
1,217,5,71.12,Male
1,218,5,57.31,Male
1,219,5,57.7,Male
1,220,5,53.64,Female
1,221,5,69.54,Female
1,222,5,51.55,Female
1,223,6,59.78,Female
1,224,6,45.54,Male
1,225,6,69.62,Female
1,226,6,52.21,Female
1,227,6,68.74,Female
1,228,6,64.63,Male
1,229,6,67.68,Male
1,230,6,57.58,Female
1,231,6,64.04,Male
1,232,6,59.81,Female
1,233,6,66.93,Male
1,234,6,68.15,Female
1,235,6,47.52,Male
1,236,6,67.38,Female
1,237,6,44.18,Female
1,238,6,58.98,Female
1,239,6,63.63,Male
1,240,6,55.25,Female
1,241,6,64.23,Female
1,242,6,41.07,Male
1,243,6,63.62,Female
1,244,6,61.21,Female
1,245,6,65.11,Male
1,246,6,52.23,Male
1,247,6,59.43,Male
1,248,6,58.36,Male
1,249,6,69.14,Female
1,250,6,62.97,Male
1,251,6,59.32,Female
1,252,6,70.43,Male
1,253,6,44.1,Male
1,254,6,52.89,Male
1,255,6,58.19,Male
1,256,6,52.24,Male
1,257,6,64.21,Male
1,258,6,54.18,Male
1,259,6,61.65,Male
1,260,6,66.79,Male
1,261,6,57.79,Male
1,262,6,56.09,Male
1,263,6,56.3,Male
1,264,6,62.7,Female
1,265,6,73,Female
1,266,6,54.29,Male
1,267,6,62.17,Male
1,268,6,63.93,Male
1,269,6,63.58,Male
1,270,6,61.55,Male
1,271,7,57.21,Male
1,272,7,41.06,Male
1,273,7,59.07,Male
1,274,7,52.4,Male
1,275,7,72.42,Female
1,276,7,65.23,Male
1,277,7,53.01,Male
1,278,7,52.54,Female
1,279,7,58.11,Female
1,280,7,46.65,Male
1,281,7,51.56,Male
1,282,7,43.07,Male
1,283,7,52.39,Female
1,284,7,41.06,Female
1,285,7,48.54,Female
1,286,7,39.11,Male
1,287,7,73.45,Female
1,288,7,44.1,Female
1,289,7,49.3,Female
1,290,7,40.99,Female
1,291,7,52.78,Female
1,292,7,57.08,Male
1,293,7,58.59,Female
1,294,7,44,Male
1,295,7,60.68,Male
1,296,7,41.58,Male
1,297,7,52.72,Male
1,298,7,44.14,Male
1,299,7,51.81,Female
1,300,7,52.01,Female
1,301,7,43.29,Male
1,302,7,63.63,Female
1,303,7,45.05,Male
1,304,7,50.94,Male
1,305,7,59.79,Male
1,306,7,63.91,Female
1,307,7,63.02,Male
1,308,7,36.13,Female
1,309,7,43.93,Male
1,310,7,66.64,Male
1,311,7,63.75,Female
1,312,7,69.75,Male
1,313,7,35.53,Female
1,314,7,37.56,Male
1,315,7,54.14,Female
1,316,7,54.53,Male
1,317,7,64.5,Female
1,318,7,48.08,Female
1,319,7,43.33,Female
1,320,7,59.2,Female
1,321,7,51.09,Male
1,322,7,41.62,Female
1,323,7,58.25,Male
1,324,7,67.7,Male
1,325,7,42.66,Male
1,326,7,48.29,Female
1,327,7,41.91,Female
1,328,7,52.52,Female
1,329,7,60.98,Male
1,330,7,58.08,Female
1,331,7,55.26,Female
1,332,7,46.35,Male
1,333,7,47.07,Male
1,334,7,56.49,Female
1,335,7,61.08,Female
1,336,7,53.59,Male
1,337,7,60.7,Female
1,338,8,61.76,Female
1,339,8,60.58,Female
1,340,8,57.11,Female
1,341,8,69.56,Female
1,342,8,53.38,Male
1,343,8,66.99,Male
1,344,8,60.32,Male
1,345,8,61.53,Female
1,346,8,64.69,Female
1,347,8,73.5,Male
1,348,8,61.01,Male
1,349,8,49.96,Male
1,350,8,57.03,Female
1,351,8,56.65,Male
1,352,8,51.02,Male
1,353,8,58.21,Male
1,354,8,67.38,Female
1,355,8,63.47,Male
1,356,8,68.48,Male
1,357,8,63.62,Female
1,358,8,58.15,Female
1,359,8,60.71,Male
1,360,8,59.79,Male
1,361,8,57.86,Male
1,362,8,75.62,Female
1,363,8,53.63,Male
1,364,8,71.7,Female
1,365,8,45.15,Female
1,366,8,61.93,Male
1,367,8,49.79,Male
1,368,8,63.4,Male
1,369,8,63.88,Female
1,370,8,72.8,Male
1,371,8,61.33,Female
1,372,8,67.78,Male
1,373,8,65.06,Female
1,374,8,65.32,Male
1,375,8,47.12,Female
1,376,8,56.49,Male
1,377,8,63.6,Male
1,378,8,52.34,Male
1,379,8,35.59,Female
1,380,8,69.2,Male
1,381,8,69.04,Male
1,382,8,58.64,Male
1,383,8,66.32,Male
1,384,8,73.47,Male
1,385,8,79.12,Female
1,386,8,70.6,Male
1,387,8,66.74,Female
1,388,8,70.41,Female
1,389,8,62.88,Female
1,390,8,54.06,Male
1,391,8,67.96,Male
1,392,8,49.63,Male
1,393,9,56.84,Female
1,394,9,52.98,Male
1,395,9,48.92,Female
1,396,9,54.91,Male
1,397,9,52.57,Male
1,398,9,72.6,Male
1,399,9,70.07,Male
1,400,9,67.27,Male
1,401,9,62.27,Female
1,402,9,58.07,Male
1,403,9,47.1,Male
1,404,9,55.28,Female
1,405,9,47.19,Male
1,406,9,47.09,Female
1,407,9,65.33,Male
1,408,9,43.8,Female
1,409,9,58.12,Male
1,410,9,49.14,Male
1,411,9,69.51,Male
1,412,9,56.48,Male
1,413,9,52.7,Male
1,414,9,51.73,Male
1,415,9,43.65,Male
1,416,9,56.77,Male
1,417,9,70.21,Female
1,418,9,48.9,Male
1,419,9,50.97,Female
1,420,9,54.36,Female
1,421,9,50.95,Male
1,422,9,47.83,Male
1,423,9,63.88,Male
1,424,9,58.31,Female
1,425,9,70.55,Male
1,426,9,72.65,Male
1,427,9,48.41,Female
1,428,9,44.52,Male
1,429,9,52.77,Male
1,430,9,57.41,Male
1,431,9,63.89,Male
1,432,9,67.56,Male
1,433,9,51.42,Male
1,434,9,50.91,Male
1,435,10,69.07,Female
1,436,10,38.62,Female
1,437,10,48.43,Female
1,438,10,42,Female
1,439,10,40.94,Male
1,440,10,61.97,Female
1,441,10,42.36,Male
1,442,10,57.13,Female
1,443,10,46.72,Male
1,444,10,45.13,Female
1,445,10,58.03,Male
1,446,10,39.42,Female
1,447,10,54.53,Female
1,448,10,38.09,Female
1,449,10,43.81,Male
1,450,10,44.62,Female
1,451,10,39.14,Female
1,452,10,43.49,Female
1,453,10,39.8,Male
1,454,10,45.08,Male
1,455,10,71.45,Male
1,456,10,41.55,Female
1,457,10,46.93,Female
1,458,10,45.38,Female
1,459,10,78.41,Male
1,460,10,45.17,Male
1,461,10,53.04,Male
1,462,10,45.61,Male
1,463,10,56.97,Male
1,464,10,56.15,Male
1,465,10,45.31,Female
1,466,10,43.9,Female
1,467,10,62.4,Male
1,468,11,41.8,Male
1,469,11,44.96,Female
1,470,11,39.42,Male
1,471,11,51.91,Female
1,472,11,56.99,Male
1,473,11,40.92,Male
1,474,11,41.65,Female
1,475,11,63.62,Male
1,476,11,54.04,Male
1,477,11,45.86,Female
1,478,11,56.79,Female
1,479,11,58.96,Female
1,480,11,61.73,Male
1,481,11,54.65,Female
1,482,11,49.35019,Male
1,483,11,54.5,Female
1,484,11,54.21,Female
1,485,11,60.61,Female
1,486,11,69.17,Male
1,487,11,43.43,Female
1,488,11,45.08,Male
1,489,11,42.54,Female
1,490,11,40.64,Female
1,491,11,58.15,Female
1,492,11,41.48,Female
1,493,11,58.15,Male
1,494,11,46.38,Female
1,495,11,65.32,Female
1,496,11,43.8,Male
1,497,11,60.51,Male
1,498,11,64.07,Female
1,499,11,63.2,Male
1,500,11,64.33,Male
1,501,11,56.81,Male
1,502,11,66.18,Female
1,503,11,46.4,Male
1,504,11,50.37,Female
1,505,12,57.84,Male
1,506,12,42.41,Male
1,507,12,39.04,Female
1,508,12,32.27,Female
1,509,12,40.62,Male
1,510,12,42.57,Female
1,511,12,42.57,Female
1,512,12,49.24,Female
1,513,12,48.08,Male
1,514,12,60.55,Male
1,515,12,47.38,Female
1,516,12,37.19,Male
1,517,12,46.71,Male
1,518,12,60.89,Male
1,519,12,37.35,Female
1,520,12,57.31,Male
1,521,12,43.59,Male
1,522,12,45.56,Male
1,523,12,64.27,Male
1,524,12,63.02,Male
1,525,12,62.25,Male
1,526,12,64.81,Male
1,527,13,61.53,Female
1,528,13,42.02,Female
1,529,13,39.44,Male
1,530,13,39.77,Female
1,531,13,69.69,Male
1,532,13,37.32,Female
1,533,13,36.99,Female
1,534,13,63.27,Male
1,535,13,46.2,Male
1,536,13,57.91,Male
1,537,13,43.42,Male
1,538,13,39.87,Male
1,539,13,53.65,Male
1,540,13,43.34,Female
1,541,13,36.85,Female
1,542,13,38.58,Male
1,543,13,63.83,Male
1,544,13,39.81,Female
1,545,13,43.59,Female
1,546,13,66.96,Male
1,547,13,45.78,Female
1,548,13,69.03,Male
1,549,13,32.41,Female
1,550,13,48.79,Female
1,551,13,38.32,Female
1,552,13,38.59,Male
1,553,13,28.77,Female
1,554,13,60.61,Male
1,555,13,51.8,Male
1,556,13,55.58,Male
1,557,13,40.67,Male
1,558,13,61.88,Male
1,559,13,42.95,Female
1,560,13,38,Female
1,561,13,44.65,Female
1,562,13,63.41,Male
1,563,13,64.78,Male
1,564,13,48.4,Female
1,565,13,66.13,Male
1,566,13,55.7,Male
1,567,13,40.71,Male
1,568,14,25.73,Female
1,569,14,60.44,Male
1,570,14,58.29,Male
1,571,14,68.28,Male
1,572,14,45.29,Female
1,573,14,60.43,Male
1,574,14,41.42,Male
1,575,14,50.21,Female
1,576,14,38.17,Female
1,577,14,64.82,Male
1,578,14,44.81,Female
1,579,14,46.93,Female
1,580,14,38.56,Male
1,581,14,60.23,Male
1,582,14,56.8,Female
1,583,14,56.27,Male
1,584,14,43.89,Female
1,585,14,39.78,Female
1,586,14,44.11,Male
1,587,14,40.32,Female
1,588,14,66.69,Male
1,589,14,53.22,Male
1,590,14,67.26,Male
1,591,14,40.71,Female
1,592,14,45.38,Male
1,593,14,35.74,Female
1,594,14,61.63,Male
1,595,14,70.24,Male
1,596,14,48.41,Male
1,597,14,50.32,Male
1,598,14,42.11,Female
1,599,14,50.08,Female
1,600,14,38.48,Male
1,601,14,24.09,Female
1,602,14,40.12,Male
1,603,14,62.32,Male
1,604,14,46.91,Female
1,605,14,46.58,Male
1,606,14,44.03,Female
1,607,14,50.3,Male
1,608,14,58.79,Female
1,609,14,68.46,Male
1,610,14,80.32,Male
1,611,15,50.83,Female
1,612,15,41.66,Male
1,613,15,35.28,Male
1,614,15,54.38,Male
1,615,15,28.81,Female
1,616,15,40.58,Female
1,617,15,53.97,Male
1,618,15,43.36,Male
1,619,15,49.75,Male
1,620,15,60.85,Male
1,621,15,25.7,Female
1,622,15,59.76,Male
1,623,15,56.76,Female
1,624,15,49.35,Female
1,625,15,62.55,Male
1,626,15,43.43,Female
1,627,15,39.34,Male
1,628,15,64.58,Male
1,629,15,28.79,Male
1,630,15,24.77,Male
1,631,15,50.18,Male
1,632,15,55.02,Male
1,633,15,38.06,Female
1,634,15,44.26,Male
1,635,15,43.76,Female
1,636,15,53.56,Male
1,637,15,40.23,Male
1,638,15,62.8,Male
1,639,15,66.76,Male
1,640,15,59.62,Male
1,641,15,73.47,Male
1,642,15,45.56,Female
1,643,15,65.66,Male
1,644,15,43.02,Male
1,645,15,50.02,Male
1,646,15,67.74,Male
1,647,15,53.41,Male
1,648,15,41.53,Female
1,649,15,37.43,Female
1,650,15,22.73,Male
1,651,15,25.95,Male
1,652,15,50.87,Female
1,653,15,41.97,Female
1,654,15,30.97,Male
1,655,15,68.75,Male
1,656,15,57.55,Male
1,657,16,46.77,Female
1,658,16,47.82,Female
1,659,16,43.99,Female
1,660,16,38.12,Female
1,661,16,53.5,Female
1,662,16,49.6,Male
1,663,16,63.99,Male
1,664,16,47.95,Female
1,665,16,62.86,Female
1,666,16,59.48,Male
1,667,16,57.21,Female
1,668,16,68.18,Male
1,669,16,71.52,Male
1,670,16,58.13,Male
1,671,16,55.3,Male
1,672,16,43.08,Male
1,673,16,42.56,Male
1,674,16,49.49,Female
1,675,16,58.45,Male
1,676,16,44.93,Female
1,677,16,48.89,Male
1,678,16,51.88,Male
1,679,16,46.73,Female
1,680,16,74.44,Male
1,681,16,59.43,Male
1,682,16,59.54,Male
1,683,16,50.12,Female
1,684,16,41.41,Female
1,685,16,55.26,Male
1,686,16,66.42,Male
1,687,16,55.14,Male
1,688,16,61.43,Male
1,689,16,50.67,Female
1,690,16,54.23,Male
1,691,16,57.87,Male
1,692,16,63.61,Female
1,693,16,60.5,Female
1,694,16,57.44,Female
1,695,16,42.18,Female
1,696,16,78.39,Male
1,697,16,74.57,Male
1,698,16,59.97,Male
1,699,16,49.35,Female
1,700,16,58.18,Male
1,701,16,56.67,Male
1,702,16,65.43,Female
1,703,16,51.85,Male
1,704,17,49.86,Male
1,705,17,37.44,Male
1,706,17,42.04,Female
1,707,17,54.66,Male
1,708,17,38.77,Male
1,709,17,32.56,Female
1,710,17,64.44,Female
1,711,17,75.16,Male
1,712,17,35.87,Female
1,713,17,40.63,Female
1,714,17,51.81,Female
1,715,17,33.02,Male
1,716,17,31.14,Male
1,717,17,48.5,Male
1,718,17,38.78,Female
1,719,17,26.96,Male
1,720,17,41.56,Male
1,721,17,34.09,Female
1,722,17,41.3,Female
1,723,17,40.32,Female
1,724,17,30.47,Female
1,725,17,38.03,Male
1,726,17,56.92,Female
1,727,17,50.11,Male
1,728,17,42.37,Female
1,729,17,40.13,Female
1,730,17,51.05,Male
1,731,17,43.52,Female
1,732,17,38.13,Female
1,733,17,40.59,Male
1,734,17,30.95,Female
1,735,17,25.36,Female
1,736,17,38.08,Female
1,737,17,38.71,Male
1,738,17,43.55,Male
1,739,17,46.54,Male
1,740,17,42.41,Male
1,741,17,33.77,Male
1,742,17,46.5,Female
1,743,17,36.05,Female
1,744,17,41.45,Female
1,745,17,39.05,Female
1,746,17,34.76,Male
1,747,17,42.07,Female
1,748,17,45.6,Female
1,749,17,34.38,Female
1,750,17,44.48,Female
1,751,17,45.8,Male
1,752,17,38.18,Female
1,753,17,40.44,Female
1,754,17,46.42,Male
1,755,17,59.8,Male
1,756,17,41.36,Female
1,757,17,41.89,Male
1,758,17,45.89,Female
1,759,17,39.65,Male
1,760,18,59.85,Male
1,761,18,56.05,Female
1,762,18,54.92,Male
1,763,18,47.41,Male
1,764,18,36.16,Female
1,765,18,44.78,Female
1,766,18,47.77,Male
1,767,18,65,Male
1,768,18,45.96,Male
1,769,18,47.07,Male
1,770,18,45.57,Male
1,771,18,39.93,Female
1,772,18,61.47,Male
1,773,18,37.47,Male
1,774,18,40.7,Female
1,775,18,51.6,Male
1,776,18,43.07,Female
1,777,18,46.93,Male
1,778,18,38.57,Male
1,779,18,52.12,Male
1,780,18,47.8,Male
1,781,18,31.4,Female
1,782,18,44.8,Female
1,783,18,59.62,Female
1,784,18,40.01,Male
1,785,18,39.62,Male
1,786,18,40.59,Male
1,787,18,35.76,Female
1,788,18,41.95,Male
1,789,18,59.28,Female
1,790,18,49.39,Male
1,791,18,43.13,Male
1,792,18,48.99,Male
1,793,18,48.84,Female
1,794,18,48.51,Male
1,795,18,55.94,Male
1,796,18,55.26,Male
1,797,18,53.3,Female
1,798,18,37.22,Male
1,799,18,39.72,Male
1,800,18,53.29,Male
1,801,18,49.78,Male
1,802,18,46.84,Male
1,803,18,72.1,Male
1,804,18,59.76,Male
1,805,18,53.59,Male
1,806,18,48.27,Female
1,807,18,75.41,Male
1,808,18,72.43,Male
1,809,18,42.56,Male
1,810,18,56.91,Female
1,811,18,47.89,Female
1,812,18,36.82,Male
1,813,18,36.89,Female
1,814,18,44.52,Female
2,1,1,74.46,Female
2,2,1,47.95,Female
2,3,1,49.03,Female
2,4,1,55.29,Female
2,5,1,85.01,Female
2,6,1,72.49,Female
2,7,1,53.65,Female
2,8,1,72.87,Female
2,9,1,72.54,Female
2,10,1,64.86,Female
2,11,1,56.91,Male
2,12,1,77.05,Female
2,13,1,76.16,Male
2,14,1,51.88,Female
2,15,1,69.25,Male
2,16,1,54.77,Female
2,17,1,59.21,Female
2,18,1,61.31,Female
2,19,1,59.71,Female
2,20,1,76.54,Female
2,21,1,59.45,Female
2,22,1,72.48,Female
2,23,1,60.65,Male
2,24,1,62.53,Female
2,25,1,61.38,Female
2,26,1,55.64,Female
2,27,1,74.54,Female
2,28,1,52.49,Female
2,29,1,77.67,Female
2,30,1,56.81,Female
2,31,1,58.87,Female
2,32,1,53.86,Female
2,33,1,53.5,Female
2,34,1,60,Female
2,35,1,53.17,Female
2,36,1,59.36,Female
2,37,1,56.73,Female
2,38,1,66.4,Female
2,39,1,65.71,Female
2,40,1,52.47,Female
2,41,1,70.75,Male
2,42,1,69.99,Female
2,43,1,71.67,Female
2,44,2,60.99,Female
2,45,2,55.08,Male
2,46,2,59.12,Female
2,47,2,61.32,Male
2,48,2,57.64,Female
2,49,2,51.45,Female
2,50,2,52.72,Female
2,51,2,57.98,Male
2,52,2,59.37,Female
2,53,2,64.31,Female
2,54,2,54.93,Female
2,55,2,55.66,Female
2,56,2,55.47,Female
2,57,2,60.41,Female
2,58,2,63.4,Female
2,59,2,56.94,Female
2,60,2,70.4,Female
2,61,2,58.18,Female
2,62,2,51.13,Female
2,63,2,56.27,Female
2,64,2,62.05,Male
2,65,2,55.14,Female
2,66,2,60.12,Female
2,67,2,52.28,Female
2,68,2,49.29,Male
2,69,2,66.45,Female
2,70,2,72.2,Male
2,71,2,53.21,Male
2,72,2,54.56,Female
2,73,2,53.44,Female
2,74,2,59.38,Male
2,75,2,66.36,Male
2,76,2,74.16,Female
2,77,2,61.62,Female
2,78,2,65.56,Female
2,79,2,39.92,Male
2,80,2,58.56,Female
2,81,2,44.46,Female
2,82,2,54.14,Female
2,83,2,53.61,Female
2,84,2,75.88,Female
2,85,3,55.08,Female
2,86,3,43.63,Male
2,87,3,60.77,Female
2,88,3,59.88,Male
2,89,3,70.52,Female
2,90,3,59.77,Female
2,91,3,56.14,Female
2,92,3,47.06,Female
2,93,3,51.04,Male
2,94,3,53.87,Female
2,95,3,51,Male
2,96,3,59.54,Female
2,97,3,57.51,Female
2,98,3,38.6,Male
2,99,3,72.43,Female
2,100,3,55.12,Female
2,101,3,47.4,Female
2,102,3,68.51,Female
2,103,3,55.65,Male
2,104,3,44.4,Female
2,105,3,52.39,Male
2,106,3,45.48,Female
2,107,3,57.45,Female
2,108,3,56.03,Male
2,109,3,51.25,Male
2,110,3,50.14,Female
2,111,3,54.74,Female
2,112,3,58.91,Female
2,113,3,64.3,Female
2,114,3,49.92,Female
2,115,3,47.98,Male
2,116,3,48.84,Male
2,117,3,49.8,Male
2,118,3,66.06,Female
2,119,3,61.47,Female
2,120,3,56.34,Female
2,121,3,67.66,Female
2,122,3,58.25,Male
2,123,3,51.85,Female
2,124,3,72.67,Female
2,125,3,46.1,Female
2,126,3,45.44,Female
2,127,3,58.95,Female
2,128,3,49.54,Female
2,129,3,41.75,Female
2,130,3,45.1,Male
2,131,3,36.55,Female
2,132,3,51.26,Female
2,133,3,70.17,Female
2,134,3,58.36,Male
2,135,3,51.61,Male
2,136,4,71.54,Male
2,137,4,71.16,Male
2,138,4,62.49,Male
2,139,4,51.32,Female
2,140,4,63.42,Male
2,141,4,62.34,Female
2,142,4,54.04,Male
2,143,4,60.33,Female
2,144,4,53.49,Male
2,145,4,63.08,Female
2,146,4,67.16,Female
2,147,4,66.43,Male
2,148,4,63.29,Female
2,149,4,66.93,Female
2,150,4,59.46,Male
2,151,4,60.7,Male
2,152,4,67.63,Female
2,153,4,57.47,Female
2,154,4,55.79,Male
2,155,4,43.83,Male
2,156,4,50.36,Female
2,157,4,39.56,Female
2,158,4,74.53,Male
2,159,4,69.08,Male
2,160,4,66.57,Male
2,161,4,61.43,Female
2,162,4,56.2,Female
2,163,4,47.45,Male
2,164,4,63.12,Female
2,165,4,65.12,Female
2,166,4,60.83,Female
2,167,4,79.28,Female
2,168,4,64.86,Male
2,169,4,55.39,Female
2,170,4,60.77,Male
2,171,4,68.71,Female
2,172,4,60.72,Male
2,173,4,54.2,Female
2,174,4,61.11,Female
2,175,4,54.17,Male
2,176,4,50.53,Female
2,177,5,58.75,Female
2,178,5,69.17,Female
2,179,5,61.02,Male
2,180,5,54.48,Female
2,181,5,49.75,Female
2,182,5,57.03,Female
2,183,5,63.23,Female
2,184,5,63.28,Male
2,185,5,56.07,Female
2,186,5,66.46,Male
2,187,5,69.01,Male
2,188,5,55.97,Male
2,189,5,56.53,Female
2,190,5,61.54,Female
2,191,5,71.18,Male
2,192,5,59.02,Male
2,193,5,73.9,Female
2,194,5,66.49,Female
2,195,5,57.42,Female
2,196,5,48.33,Female
2,197,5,62.18,Female
2,198,5,54.27,Male
2,199,5,62.91,Male
2,200,5,69.13,Male
2,201,5,52.32,Male
2,202,5,58.87,Female
2,203,5,63.27,Male
2,204,5,52.12,Male
2,205,5,65.8,Male
2,206,5,71.42,Female
2,207,5,56.81,Female
2,208,5,50.64,Male
2,209,5,50.75,Female
2,210,5,51.88,Male
2,211,5,65.98,Male
2,212,5,61.64,Male
2,213,5,60.14,Female
2,214,5,52.24,Male
2,215,5,68.84,Male
2,216,5,51.72,Male
2,217,5,71.12,Male
2,218,5,57.31,Male
2,219,5,57.7,Female
2,220,5,53.64,Female
2,221,5,69.54,Female
2,222,5,51.55,Male
2,223,6,59.78,Female
2,224,6,45.54,Male
2,225,6,69.62,Male
2,226,6,52.21,Female
2,227,6,68.74,Male
2,228,6,64.63,Male
2,229,6,67.68,Male
2,230,6,57.58,Male
2,231,6,64.04,Male
2,232,6,59.81,Female
2,233,6,66.93,Male
2,234,6,68.15,Female
2,235,6,47.52,Male
2,236,6,67.38,Male
2,237,6,44.18,Female
2,238,6,58.98,Female
2,239,6,63.63,Male
2,240,6,55.25,Male
2,241,6,64.23,Female
2,242,6,41.07,Male
2,243,6,63.62,Male
2,244,6,61.21,Female
2,245,6,65.11,Male
2,246,6,52.23,Male
2,247,6,59.43,Female
2,248,6,58.36,Female
2,249,6,69.14,Female
2,250,6,62.97,Male
2,251,6,59.32,Female
2,252,6,70.43,Male
2,253,6,44.1,Male
2,254,6,52.89,Male
2,255,6,58.19,Male
2,256,6,52.24,Male
2,257,6,64.21,Male
2,258,6,54.18,Male
2,259,6,61.65,Male
2,260,6,66.79,Male
2,261,6,57.79,Female
2,262,6,56.09,Male
2,263,6,56.3,Male
2,264,6,62.7,Female
2,265,6,73,Female
2,266,6,54.29,Male
2,267,6,62.17,Female
2,268,6,63.93,Female
2,269,6,63.58,Male
2,270,6,61.55,Male
2,271,7,57.21,Female
2,272,7,41.06,Male
2,273,7,59.07,Male
2,274,7,52.4,Male
2,275,7,72.42,Female
2,276,7,65.23,Male
2,277,7,53.01,Female
2,278,7,52.54,Female
2,279,7,58.11,Female
2,280,7,46.65,Male
2,281,7,51.56,Female
2,282,7,43.07,Male
2,283,7,52.39,Female
2,284,7,41.06,Male
2,285,7,48.54,Female
2,286,7,39.11,Female
2,287,7,73.45,Male
2,288,7,44.1,Male
2,289,7,49.3,Female
2,290,7,40.99,Female
2,291,7,52.78,Female
2,292,7,57.08,Male
2,293,7,58.59,Male
2,294,7,44,Female
2,295,7,60.68,Male
2,296,7,41.58,Male
2,297,7,52.72,Male
2,298,7,44.14,Male
2,299,7,51.81,Female
2,300,7,52.01,Female
2,301,7,43.29,Male
2,302,7,63.63,Male
2,303,7,45.05,Male
2,304,7,50.94,Male
2,305,7,59.79,Female
2,306,7,63.91,Male
2,307,7,63.02,Male
2,308,7,36.13,Female
2,309,7,43.93,Male
2,310,7,66.64,Male
2,311,7,63.75,Male
2,312,7,69.75,Male
2,313,7,35.53,Female
2,314,7,37.56,Female
2,315,7,54.14,Male
2,316,7,54.53,Male
2,317,7,64.5,Male
2,318,7,48.08,Male
2,319,7,43.33,Male
2,320,7,59.2,Male
2,321,7,51.09,Male
2,322,7,41.62,Female
2,323,7,58.25,Male
2,324,7,67.7,Male
2,325,7,42.66,Male
2,326,7,48.29,Female
2,327,7,41.91,Female
2,328,7,52.52,Female
2,329,7,60.98,Male
2,330,7,58.08,Female
2,331,7,55.26,Female
2,332,7,46.35,Female
2,333,7,47.07,Male
2,334,7,56.49,Male
2,335,7,61.08,Male
2,336,7,53.59,Male
2,337,7,60.7,Female
2,338,8,61.76,Male
2,339,8,60.58,Male
2,340,8,57.11,Male
2,341,8,69.56,Female
2,342,8,53.38,Male
2,343,8,66.99,Male
2,344,8,60.32,Male
2,345,8,61.53,Male
2,346,8,64.69,Female
2,347,8,73.5,Male
2,348,8,61.01,Female
2,349,8,49.96,Male
2,350,8,57.03,Female
2,351,8,56.65,Male
2,352,8,51.02,Male
2,353,8,58.21,Male
2,354,8,67.38,Female
2,355,8,63.47,Male
2,356,8,68.48,Female
2,357,8,63.62,Female
2,358,8,58.15,Male
2,359,8,60.71,Male
2,360,8,59.79,Male
2,361,8,57.86,Male
2,362,8,75.62,Male
2,363,8,53.63,Male
2,364,8,71.7,Female
2,365,8,45.15,Male
2,366,8,61.93,Male
2,367,8,49.79,Male
2,368,8,63.4,Female
2,369,8,63.88,Female
2,370,8,72.8,Male
2,371,8,61.33,Female
2,372,8,67.78,Male
2,373,8,65.06,Female
2,374,8,65.32,Male
2,375,8,43.89,Male
2,376,8,56.49,Female
2,377,8,63.6,Male
2,378,8,52.34,Male
2,379,8,35.59,Female
2,380,8,69.2,Female
2,381,8,69.04,Male
2,382,8,58.64,Male
2,383,8,66.32,Male
2,384,8,73.47,Female
2,385,8,79.12,Male
2,386,8,70.6,Male
2,387,8,66.74,Female
2,388,8,70.41,Female
2,389,8,62.88,Male
2,390,8,54.06,Male
2,391,8,67.96,Male
2,392,8,49.63,Male
2,393,9,56.84,Female
2,394,9,52.98,Male
2,395,9,48.92,Female
2,396,9,54.91,Female
2,397,9,52.57,Female
2,398,9,72.6,Male
2,399,9,70.07,Male
2,400,9,67.27,Male
2,401,9,62.27,Male
2,402,9,58.07,Male
2,403,9,47.1,Male
2,404,9,55.28,Male
2,405,9,47.19,Female
2,406,9,47.09,Female
2,407,9,65.33,Male
2,408,9,43.8,Male
2,409,9,58.12,Female
2,410,9,49.14,Male
2,411,9,69.51,Male
2,412,9,56.48,Male
2,413,9,52.7,Male
2,414,9,51.73,Female
2,415,9,43.65,Male
2,416,9,56.77,Male
2,417,9,70.21,Male
2,418,9,48.9,Male
2,419,9,50.97,Male
2,420,9,54.36,Female
2,421,9,50.95,Female
2,422,9,47.83,Male
2,423,9,79.12,Male
2,424,9,58.31,Female
2,425,9,70.55,Male
2,426,9,72.65,Male
2,427,9,48.41,Male
2,428,9,44.52,Male
2,429,9,52.77,Male
2,430,9,57.41,Male
2,431,9,63.89,Male
2,432,9,67.56,Female
2,433,9,51.42,Male
2,434,9,50.91,Male
2,435,10,69.07,Female
2,436,10,38.62,Female
2,437,10,48.43,Female
2,438,10,42,Male
2,439,10,40.94,Female
2,440,10,61.97,Female
2,441,10,42.36,Male
2,442,10,57.13,Female
2,443,10,46.72,Male
2,444,10,45.13,Female
2,445,10,58.03,Male
2,446,10,39.42,Female
2,447,10,54.53,Female
2,448,10,38.09,Female
2,449,10,43.81,Male
2,450,10,44.62,Female
2,451,10,39.14,Male
2,452,10,43.49,Female
2,453,10,39.8,Male
2,454,10,45.08,Male
2,455,10,71.45,Male
2,456,10,41.55,Female
2,457,10,46.93,Female
2,458,10,45.38,Female
2,459,10,78.41,Male
2,460,10,45.17,Female
2,461,10,53.04,Female
2,462,10,45.61,Male
2,463,10,56.97,Male
2,464,10,56.15,Male
2,465,10,45.31,Male
2,466,10,43.9,Female
2,467,10,62.4,Male
2,468,11,41.8,Female
2,469,11,44.96,Female
2,470,11,39.42,Female
2,471,11,51.91,Female
2,472,11,56.99,Male
2,473,11,40.92,Female
2,474,11,41.65,Female
2,475,11,63.62,Female
2,476,11,54.04,Male
2,477,11,45.86,Female
2,478,11,56.79,Female
2,479,11,58.96,Female
2,480,11,61.73,Female
2,481,11,54.65,Female
2,482,11,49.35019,Male
2,483,11,54.5,Male
2,484,11,54.21,Female
2,485,11,60.61,Male
2,486,11,75.5,Male
2,487,11,43.43,Female
2,488,11,45.08,Male
2,489,11,42.54,Male
2,490,11,40.64,Female
2,491,11,58.15,Female
2,492,11,41.48,Female
2,493,11,58.15,Male
2,494,11,46.38,Female
2,495,11,65.32,Female
2,496,11,43.8,Male
2,497,11,60.51,Female
2,498,11,64.07,Male
2,499,11,63.2,Male
2,500,11,64.33,Male
2,501,11,59.21,Male
2,502,11,66.18,Male
2,503,11,46.4,Female
2,504,11,50.37,Female
2,505,12,57.84,Male
2,506,12,42.41,Male
2,507,12,39.04,Female
2,508,12,32.27,Female
2,509,12,40.62,Male
2,510,12,42.57,Male
2,511,12,42.57,Female
2,512,12,49.24,Male
2,513,12,48.08,Female
2,514,12,60.55,Female
2,515,12,47.38,Female
2,516,12,37.19,Male
2,517,12,46.71,Male
2,518,12,60.89,Male
2,519,12,37.35,Female
2,520,12,57.31,Male
2,521,12,43.59,Male
2,522,12,45.56,Female
2,523,12,64.27,Male
2,524,12,63.02,Male
2,525,12,62.25,Male
2,526,12,64.81,Male
2,527,13,61.53,Female
2,528,13,42.02,Male
2,529,13,39.44,Female
2,530,13,39.77,Female
2,531,13,69.69,Male
2,532,13,37.32,Female
2,533,13,36.99,Female
2,534,13,63.27,Male
2,535,13,46.2,Female
2,536,13,57.91,Male
2,537,13,43.42,Female
2,538,13,39.87,Female
2,539,13,53.65,Male
2,540,13,43.34,Female
2,541,13,36.85,Female
2,542,13,38.58,Female
2,543,13,63.83,Male
2,544,13,39.81,Male
2,545,13,43.59,Female
2,546,13,66.96,Male
2,547,13,45.78,Female
2,548,13,69.03,Male
2,549,13,32.41,Female
2,550,13,48.79,Male
2,551,13,38.32,Female
2,552,13,38.59,Male
2,553,13,28.77,Female
2,554,13,60.61,Male
2,555,13,51.8,Male
2,556,13,55.58,Male
2,557,13,40.67,Female
2,558,13,61.88,Male
2,559,13,42.95,Male
2,560,13,38,Male
2,561,13,44.65,Female
2,562,13,63.41,Male
2,563,13,64.78,Male
2,564,13,48.4,Female
2,565,13,66.13,Male
2,566,13,55.7,Male
2,567,13,40.71,Male
2,568,14,25.73,Female
2,569,14,60.44,Male
2,570,14,58.29,Male
2,571,14,68.28,Male
2,572,14,45.29,Male
2,573,14,60.43,Male
2,574,14,41.42,Male
2,575,14,50.21,Male
2,576,14,38.17,Male
2,577,14,64.82,Male
2,578,14,44.81,Male
2,579,14,46.93,Male
2,580,14,38.56,Female
2,581,14,60.23,Female
2,582,14,56.8,Female
2,583,14,56.27,Male
2,584,14,43.89,Female
2,585,14,39.78,Male
2,586,14,44.11,Male
2,587,14,40.32,Female
2,588,14,66.69,Male
2,589,14,53.22,Male
2,590,14,67.26,Male
2,591,14,40.71,Male
2,592,14,45.38,Male
2,593,14,35.74,Female
2,594,14,61.63,Male
2,595,14,70.24,Male
2,596,14,48.41,Female
2,597,14,50.32,Male
2,598,14,42.11,Female
2,599,14,50.08,Female
2,600,14,38.48,Male
2,601,14,24.09,Female
2,602,14,40.12,Female
2,603,14,62.32,Male
2,604,14,46.91,Female
2,605,14,46.58,Male
2,606,14,44.03,Female
2,607,14,50.3,Female
2,608,14,58.79,Male
2,609,14,68.46,Male
2,610,14,80.32,Male
2,611,15,50.83,Male
2,612,15,41.66,Female
2,613,15,35.28,Male
2,614,15,54.38,Female
2,615,15,28.81,Female
2,616,15,40.58,Female
2,617,15,53.97,Female
2,618,15,43.36,Male
2,619,15,49.75,Male
2,620,15,60.85,Male
2,621,15,25.7,Female
2,622,15,59.76,Male
2,623,15,56.76,Male
2,624,15,49.35,Female
2,625,15,62.55,Male
2,626,15,43.43,Female
2,627,15,39.34,Male
2,628,15,64.58,Male
2,629,15,28.79,Female
2,630,15,24.77,Male
2,631,15,50.18,Female
2,632,15,55.02,Male
2,633,15,38.06,Female
2,634,15,44.26,Male
2,635,15,43.76,Female
2,636,15,53.56,Male
2,637,15,40.23,Male
2,638,15,62.8,Male
2,639,15,66.76,Male
2,640,15,59.62,Male
2,641,15,73.47,Male
2,642,15,45.56,Male
2,643,15,65.66,Female
2,644,15,43.02,Female
2,645,15,50.02,Female
2,646,15,67.74,Male
2,647,15,53.41,Male
2,648,15,41.53,Female
2,649,15,37.43,Female
2,650,15,22.73,Female
2,651,15,25.95,Female
2,652,15,50.87,Female
2,653,15,41.97,Male
2,654,15,30.97,Male
2,655,15,68.75,Male
2,656,15,57.55,Male
2,657,16,46.77,Female
2,658,16,47.82,Female
2,659,16,43.99,Female
2,660,16,38.12,Female
2,661,16,53.5,Female
2,662,16,49.6,Male
2,663,16,63.99,Male
2,664,16,47.95,Female
2,665,16,62.86,Male
2,666,16,59.48,Male
2,667,16,57.21,Male
2,668,16,68.18,Male
2,669,16,71.52,Male
2,670,16,58.13,Male
2,671,16,55.3,Male
2,672,16,43.08,Female
2,673,16,42.56,Male
2,674,16,49.49,Female
2,675,16,58.45,Male
2,676,16,44.93,Male
2,677,16,48.89,Male
2,678,16,51.88,Male
2,679,16,46.73,Female
2,680,16,74.44,Male
2,681,16,59.43,Male
2,682,16,59.54,Male
2,683,16,50.12,Female
2,684,16,41.41,Male
2,685,16,55.26,Male
2,686,16,66.42,Male
2,687,16,55.14,Male
2,688,16,61.43,Male
2,689,16,50.67,Female
2,690,16,54.23,Male
2,691,16,57.87,Male
2,692,16,63.61,Male
2,693,16,60.5,Female
2,694,16,57.44,Male
2,695,16,42.18,Female
2,696,16,78.39,Male
2,697,16,74.57,Male
2,698,16,59.97,Male
2,699,16,49.35,Female
2,700,16,58.18,Male
2,701,16,56.67,Male
2,702,16,65.43,Male
2,703,16,51.85,Male
2,704,17,49.86,Male
2,705,17,37.44,Male
2,706,17,42.04,Female
2,707,17,54.66,Male
2,708,17,38.77,Male
2,709,17,32.56,Female
2,710,17,64.44,Male
2,711,17,75.16,Male
2,712,17,35.87,Female
2,713,17,40.63,Female
2,714,17,51.81,Female
2,715,17,33.02,Female
2,716,17,31.14,Female
2,717,17,48.5,Male
2,718,17,38.78,Female
2,719,17,30.27,Female
2,720,17,41.56,Male
2,721,17,34.09,Female
2,722,17,41.3,Female
2,723,17,40.32,Female
2,724,17,30.47,Female
2,725,17,38.03,Female
2,726,17,56.92,Male
2,727,17,50.11,Female
2,728,17,42.37,Female
2,729,17,40.13,Female
2,730,17,51.05,Male
2,731,17,43.52,Female
2,732,17,38.13,Female
2,733,17,40.59,Male
2,734,17,30.95,Female
2,735,17,25.36,Female
2,736,17,38.08,Female
2,737,17,38.71,Male
2,738,17,43.55,Female
2,739,17,46.54,Female
2,740,17,42.41,Male
2,741,17,33.77,Female
2,742,17,46.5,Female
2,743,17,36.05,Female
2,744,17,41.45,Female
2,745,17,39.05,Female
2,746,17,34.76,Male
2,747,17,42.07,Female
2,748,17,45.6,Female
2,749,17,34.38,Female
2,750,17,44.48,Male
2,751,17,45.8,Male
2,752,17,38.18,Female
2,753,17,40.44,Male
2,754,17,46.42,Male
2,755,17,46.76,Male
2,756,17,41.36,Female
2,757,17,41.89,Female
2,758,17,45.89,Female
2,759,17,39.65,Male
2,760,18,59.85,Male
2,761,18,56.05,Female
2,762,18,54.92,Male
2,763,18,47.41,Male
2,764,18,36.16,Female
2,765,18,44.78,Male
2,766,18,47.77,Female
2,767,18,65,Male
2,768,18,45.96,Male
2,769,18,47.07,Male
2,770,18,45.57,Male
2,771,18,39.93,Male
2,772,18,61.47,Male
2,773,18,37.47,Male
2,774,18,40.7,Male
2,775,18,51.6,Male
2,776,18,43.07,Female
2,777,18,46.93,Male
2,778,18,38.57,Male
2,779,18,52.12,Male
2,780,18,47.8,Male
2,781,18,31.4,Female
2,782,18,44.8,Female
2,783,18,59.62,Female
2,784,18,40.01,Male
2,785,18,39.62,Male
2,786,18,40.59,Male
2,787,18,35.76,Female
2,788,18,41.95,Male
2,789,18,59.28,Female
2,790,18,49.39,Male
2,791,18,43.13,Female
2,792,18,48.99,Male
2,793,18,48.84,Female
2,794,18,48.51,Male
2,795,18,55.94,Male
2,796,18,55.26,Male
2,797,18,53.3,Female
2,798,18,37.22,Male
2,799,18,39.72,Male
2,800,18,53.29,Male
2,801,18,49.78,Female
2,802,18,46.84,Male
2,803,18,72.1,Male
2,804,18,59.76,Male
2,805,18,53.59,Female
2,806,18,48.27,Female
2,807,18,75.41,Male
2,808,18,72.43,Male
2,809,18,42.56,Male
2,810,18,56.91,Female
2,811,18,47.89,Female
2,812,18,36.82,Female
2,813,18,36.89,Female
2,814,18,44.52,Female
3,1,1,74.46,Male
3,2,1,47.95,Female
3,3,1,49.03,Female
3,4,1,55.29,Male
3,5,1,85.01,Female
3,6,1,72.49,Female
3,7,1,53.65,Female
3,8,1,72.87,Male
3,9,1,72.54,Female
3,10,1,64.86,Female
3,11,1,56.91,Male
3,12,1,77.05,Male
3,13,1,76.16,Male
3,14,1,51.88,Male
3,15,1,69.25,Male
3,16,1,54.77,Male
3,17,1,59.21,Female
3,18,1,61.31,Female
3,19,1,59.71,Male
3,20,1,76.54,Female
3,21,1,59.45,Female
3,22,1,72.48,Male
3,23,1,60.65,Male
3,24,1,62.53,Female
3,25,1,61.38,Female
3,26,1,55.64,Male
3,27,1,74.54,Female
3,28,1,52.49,Female
3,29,1,77.67,Female
3,30,1,56.81,Female
3,31,1,58.87,Male
3,32,1,53.86,Female
3,33,1,53.5,Male
3,34,1,60,Male
3,35,1,53.17,Female
3,36,1,59.36,Female
3,37,1,56.73,Female
3,38,1,66.4,Male
3,39,1,65.71,Male
3,40,1,52.47,Male
3,41,1,70.75,Male
3,42,1,69.99,Male
3,43,1,71.67,Female
3,44,2,60.99,Female
3,45,2,55.08,Male
3,46,2,59.12,Male
3,47,2,61.32,Female
3,48,2,57.64,Female
3,49,2,51.45,Male
3,50,2,52.72,Female
3,51,2,57.98,Male
3,52,2,59.37,Female
3,53,2,64.31,Female
3,54,2,54.93,Female
3,55,2,55.66,Female
3,56,2,55.47,Male
3,57,2,60.41,Female
3,58,2,63.4,Female
3,59,2,56.94,Female
3,60,2,70.4,Female
3,61,2,58.18,Female
3,62,2,51.13,Female
3,63,2,56.27,Male
3,64,2,62.05,Male
3,65,2,55.14,Female
3,66,2,60.12,Female
3,67,2,52.28,Male
3,68,2,49.29,Male
3,69,2,66.45,Female
3,70,2,72.2,Male
3,71,2,53.21,Female
3,72,2,54.56,Female
3,73,2,53.44,Female
3,74,2,59.38,Female
3,75,2,66.36,Male
3,76,2,74.16,Male
3,77,2,61.62,Male
3,78,2,65.56,Female
3,79,2,39.92,Male
3,80,2,58.56,Female
3,81,2,44.46,Male
3,82,2,54.14,Female
3,83,2,53.61,Female
3,84,2,75.88,Female
3,85,3,55.08,Female
3,86,3,43.63,Male
3,87,3,64.69,Female
3,88,3,59.88,Male
3,89,3,70.52,Female
3,90,3,59.77,Female
3,91,3,56.14,Female
3,92,3,47.06,Female
3,93,3,51.04,Male
3,94,3,53.87,Female
3,95,3,51,Male
3,96,3,59.54,Male
3,97,3,57.51,Female
3,98,3,38.6,Male
3,99,3,72.43,Female
3,100,3,55.12,Female
3,101,3,47.4,Male
3,102,3,68.51,Female
3,103,3,55.65,Female
3,104,3,44.4,Male
3,105,3,52.39,Female
3,106,3,45.48,Female
3,107,3,57.45,Male
3,108,3,56.03,Female
3,109,3,51.25,Female
3,110,3,50.14,Female
3,111,3,54.74,Female
3,112,3,58.91,Female
3,113,3,64.3,Female
3,114,3,49.92,Female
3,115,3,47.98,Male
3,116,3,48.84,Female
3,117,3,49.8,Male
3,118,3,66.06,Female
3,119,3,61.47,Male
3,120,3,56.34,Female
3,121,3,67.66,Female
3,122,3,58.25,Male
3,123,3,51.85,Female
3,124,3,72.67,Male
3,125,3,46.1,Female
3,126,3,45.44,Female
3,127,3,58.95,Male
3,128,3,49.54,Female
3,129,3,41.75,Female
3,130,3,45.1,Male
3,131,3,36.55,Female
3,132,3,51.26,Male
3,133,3,70.17,Female
3,134,3,58.36,Male
3,135,3,51.61,Male
3,136,4,71.54,Male
3,137,4,71.16,Male
3,138,4,62.49,Female
3,139,4,51.32,Female
3,140,4,63.42,Male
3,141,4,62.34,Male
3,142,4,54.04,Male
3,143,4,60.33,Male
3,144,4,53.49,Male
3,145,4,63.08,Male
3,146,4,67.16,Female
3,147,4,66.43,Male
3,148,4,63.29,Male
3,149,4,66.93,Male
3,150,4,59.46,Male
3,151,4,60.7,Male
3,152,4,67.63,Female
3,153,4,57.47,Female
3,154,4,55.79,Male
3,155,4,43.83,Male
3,156,4,50.36,Male
3,157,4,39.56,Male
3,158,4,74.53,Male
3,159,4,69.08,Male
3,160,4,66.57,Male
3,161,4,61.43,Male
3,162,4,56.2,Male
3,163,4,47.45,Male
3,164,4,63.12,Female
3,165,4,65.12,Male
3,166,4,60.83,Female
3,167,4,79.28,Female
3,168,4,64.86,Male
3,169,4,55.39,Female
3,170,4,60.77,Male
3,171,4,68.71,Male
3,172,4,60.72,Male
3,173,4,54.2,Male
3,174,4,61.11,Male
3,175,4,54.17,Female
3,176,4,50.53,Male
3,177,5,58.75,Male
3,178,5,69.17,Female
3,179,5,61.02,Female
3,180,5,54.48,Male
3,181,5,49.75,Male
3,182,5,57.03,Female
3,183,5,63.23,Female
3,184,5,63.28,Male
3,185,5,56.07,Male
3,186,5,66.46,Male
3,187,5,69.01,Male
3,188,5,55.97,Male
3,189,5,56.53,Male
3,190,5,61.54,Female
3,191,5,71.18,Male
3,192,5,59.02,Female
3,193,5,73.9,Female
3,194,5,66.49,Female
3,195,5,57.42,Female
3,196,5,48.33,Female
3,197,5,62.18,Male
3,198,5,54.27,Male
3,199,5,62.91,Female
3,200,5,69.13,Male
3,201,5,52.32,Male
3,202,5,58.87,Female
3,203,5,63.27,Male
3,204,5,52.12,Male
3,205,5,65.8,Male
3,206,5,71.42,Male
3,207,5,56.81,Female
3,208,5,50.64,Male
3,209,5,50.75,Female
3,210,5,51.88,Female
3,211,5,65.98,Male
3,212,5,61.64,Male
3,213,5,60.14,Female
3,214,5,52.24,Male
3,215,5,68.84,Male
3,216,5,51.72,Male
3,217,5,71.12,Male
3,218,5,57.31,Female
3,219,5,57.7,Female
3,220,5,53.64,Female
3,221,5,69.54,Female
3,222,5,51.55,Female
3,223,6,59.78,Male
3,224,6,45.54,Male
3,225,6,69.62,Female
3,226,6,52.21,Female
3,227,6,68.74,Male
3,228,6,64.63,Male
3,229,6,67.68,Male
3,230,6,57.58,Male
3,231,6,64.04,Male
3,232,6,59.81,Female
3,233,6,66.93,Male
3,234,6,68.15,Female
3,235,6,47.52,Male
3,236,6,67.38,Male
3,237,6,44.18,Female
3,238,6,58.98,Female
3,239,6,63.63,Male
3,240,6,55.25,Male
3,241,6,64.23,Female
3,242,6,41.07,Male
3,243,6,63.62,Male
3,244,6,61.21,Male
3,245,6,65.11,Male
3,246,6,52.23,Male
3,247,6,59.43,Female
3,248,6,58.36,Male
3,249,6,69.14,Male
3,250,6,62.97,Female
3,251,6,59.32,Female
3,252,6,70.43,Male
3,253,6,44.1,Female
3,254,6,52.89,Male
3,255,6,58.19,Male
3,256,6,52.24,Male
3,257,6,64.21,Male
3,258,6,54.18,Male
3,259,6,61.65,Female
3,260,6,66.79,Male
3,261,6,57.79,Male
3,262,6,56.09,Male
3,263,6,56.3,Male
3,264,6,62.7,Female
3,265,6,73,Female
3,266,6,54.29,Male
3,267,6,62.17,Female
3,268,6,63.93,Male
3,269,6,63.58,Female
3,270,6,61.55,Male
3,271,7,57.21,Male
3,272,7,41.06,Male
3,273,7,59.07,Male
3,274,7,52.4,Male
3,275,7,72.42,Male
3,276,7,65.23,Male
3,277,7,53.01,Male
3,278,7,52.54,Female
3,279,7,58.11,Female
3,280,7,46.65,Male
3,281,7,51.56,Female
3,282,7,43.07,Male
3,283,7,52.39,Female
3,284,7,41.06,Male
3,285,7,48.54,Female
3,286,7,39.11,Female
3,287,7,73.45,Female
3,288,7,44.1,Female
3,289,7,49.3,Female
3,290,7,40.99,Female
3,291,7,52.78,Female
3,292,7,57.08,Male
3,293,7,58.59,Female
3,294,7,44,Female
3,295,7,60.68,Female
3,296,7,41.58,Male
3,297,7,52.72,Male
3,298,7,44.14,Male
3,299,7,51.81,Female
3,300,7,52.01,Female
3,301,7,43.29,Male
3,302,7,63.63,Male
3,303,7,45.05,Male
3,304,7,50.94,Male
3,305,7,59.79,Male
3,306,7,63.91,Female
3,307,7,63.02,Male
3,308,7,36.13,Male
3,309,7,43.93,Male
3,310,7,66.64,Male
3,311,7,63.75,Male
3,312,7,69.75,Male
3,313,7,35.53,Male
3,314,7,37.56,Female
3,315,7,54.14,Female
3,316,7,54.53,Male
3,317,7,64.5,Male
3,318,7,48.08,Female
3,319,7,43.33,Female
3,320,7,59.2,Female
3,321,7,51.09,Male
3,322,7,41.62,Female
3,323,7,58.25,Male
3,324,7,67.7,Male
3,325,7,42.66,Male
3,326,7,48.29,Male
3,327,7,41.91,Female
3,328,7,52.52,Female
3,329,7,60.98,Male
3,330,7,58.08,Male
3,331,7,55.26,Female
3,332,7,46.35,Male
3,333,7,47.07,Female
3,334,7,56.49,Male
3,335,7,61.08,Female
3,336,7,53.59,Male
3,337,7,60.7,Female
3,338,8,61.76,Male
3,339,8,60.58,Female
3,340,8,57.11,Male
3,341,8,69.56,Male
3,342,8,53.38,Male
3,343,8,66.99,Female
3,344,8,60.32,Male
3,345,8,61.53,Male
3,346,8,64.69,Male
3,347,8,73.5,Male
3,348,8,61.01,Male
3,349,8,49.96,Female
3,350,8,57.03,Female
3,351,8,56.65,Male
3,352,8,51.02,Female
3,353,8,58.21,Female
3,354,8,67.38,Male
3,355,8,63.47,Male
3,356,8,68.48,Male
3,357,8,63.62,Male
3,358,8,58.15,Male
3,359,8,60.71,Male
3,360,8,59.79,Male
3,361,8,57.86,Male
3,362,8,75.62,Female
3,363,8,53.63,Male
3,364,8,71.7,Male
3,365,8,45.15,Female
3,366,8,61.93,Male
3,367,8,49.79,Male
3,368,8,63.4,Female
3,369,8,63.88,Male
3,370,8,72.8,Male
3,371,8,61.33,Female
3,372,8,67.78,Male
3,373,8,65.06,Male
3,374,8,65.32,Female
3,375,8,47.86,Male
3,376,8,56.49,Female
3,377,8,63.6,Female
3,378,8,52.34,Male
3,379,8,35.59,Female
3,380,8,69.2,Male
3,381,8,69.04,Male
3,382,8,58.64,Male
3,383,8,66.32,Male
3,384,8,73.47,Male
3,385,8,79.12,Male
3,386,8,70.6,Female
3,387,8,66.74,Female
3,388,8,70.41,Female
3,389,8,62.88,Male
3,390,8,54.06,Female
3,391,8,67.96,Male
3,392,8,49.63,Male
3,393,9,56.84,Female
3,394,9,52.98,Male
3,395,9,48.92,Male
3,396,9,54.91,Female
3,397,9,52.57,Female
3,398,9,72.6,Male
3,399,9,70.07,Male
3,400,9,67.27,Male
3,401,9,62.27,Female
3,402,9,58.07,Male
3,403,9,47.1,Male
3,404,9,55.28,Male
3,405,9,47.19,Male
3,406,9,47.09,Male
3,407,9,65.33,Male
3,408,9,43.8,Male
3,409,9,58.12,Female
3,410,9,49.14,Male
3,411,9,69.51,Male
3,412,9,56.48,Male
3,413,9,52.7,Female
3,414,9,51.73,Male
3,415,9,43.65,Female
3,416,9,56.77,Male
3,417,9,70.21,Male
3,418,9,48.9,Male
3,419,9,50.97,Female
3,420,9,54.36,Male
3,421,9,50.95,Male
3,422,9,47.83,Male
3,423,9,75.88,Male
3,424,9,58.31,Female
3,425,9,70.55,Male
3,426,9,72.65,Male
3,427,9,48.41,Female
3,428,9,44.52,Male
3,429,9,52.77,Male
3,430,9,57.41,Female
3,431,9,63.89,Male
3,432,9,67.56,Male
3,433,9,51.42,Male
3,434,9,50.91,Male
3,435,10,69.07,Male
3,436,10,38.62,Female
3,437,10,48.43,Female
3,438,10,42,Male
3,439,10,40.94,Female
3,440,10,61.97,Female
3,441,10,42.36,Female
3,442,10,57.13,Female
3,443,10,46.72,Male
3,444,10,45.13,Female
3,445,10,58.03,Male
3,446,10,39.42,Female
3,447,10,54.53,Male
3,448,10,38.09,Male
3,449,10,43.81,Male
3,450,10,44.62,Male
3,451,10,39.14,Male
3,452,10,43.49,Male
3,453,10,39.8,Male
3,454,10,45.08,Male
3,455,10,71.45,Male
3,456,10,41.55,Female
3,457,10,46.93,Female
3,458,10,45.38,Female
3,459,10,78.41,Male
3,460,10,45.17,Male
3,461,10,53.04,Female
3,462,10,45.61,Male
3,463,10,56.97,Male
3,464,10,56.15,Female
3,465,10,45.31,Male
3,466,10,43.9,Female
3,467,10,62.4,Male
3,468,11,41.8,Female
3,469,11,44.96,Male
3,470,11,39.42,Male
3,471,11,51.91,Female
3,472,11,56.99,Female
3,473,11,40.92,Female
3,474,11,41.65,Female
3,475,11,63.62,Male
3,476,11,54.04,Male
3,477,11,45.86,Female
3,478,11,56.79,Female
3,479,11,58.96,Male
3,480,11,61.73,Female
3,481,11,54.65,Male
3,482,11,49.35019,Male
3,483,11,54.5,Male
3,484,11,54.21,Female
3,485,11,60.61,Male
3,486,11,60.96,Male
3,487,11,43.43,Female
3,488,11,45.08,Male
3,489,11,42.54,Male
3,490,11,40.64,Female
3,491,11,58.15,Male
3,492,11,41.48,Female
3,493,11,58.15,Male
3,494,11,46.38,Female
3,495,11,65.32,Female
3,496,11,43.8,Male
3,497,11,60.51,Female
3,498,11,64.07,Female
3,499,11,63.2,Male
3,500,11,64.33,Male
3,501,11,45.86,Male
3,502,11,66.18,Male
3,503,11,46.4,Male
3,504,11,50.37,Female
3,505,12,57.84,Male
3,506,12,42.41,Male
3,507,12,39.04,Female
3,508,12,32.27,Female
3,509,12,40.62,Male
3,510,12,42.57,Male
3,511,12,42.57,Female
3,512,12,49.24,Male
3,513,12,48.08,Male
3,514,12,60.55,Male
3,515,12,47.38,Female
3,516,12,37.19,Male
3,517,12,46.71,Male
3,518,12,60.89,Male
3,519,12,37.35,Female
3,520,12,57.31,Male
3,521,12,43.59,Male
3,522,12,45.56,Female
3,523,12,64.27,Male
3,524,12,63.02,Male
3,525,12,62.25,Female
3,526,12,64.81,Male
3,527,13,61.53,Male
3,528,13,42.02,Female
3,529,13,39.44,Female
3,530,13,39.77,Female
3,531,13,69.69,Male
3,532,13,37.32,Female
3,533,13,36.99,Female
3,534,13,63.27,Male
3,535,13,46.2,Female
3,536,13,57.91,Male
3,537,13,43.42,Male
3,538,13,39.87,Female
3,539,13,53.65,Male
3,540,13,43.34,Male
3,541,13,36.85,Female
3,542,13,38.58,Male
3,543,13,63.83,Male
3,544,13,39.81,Male
3,545,13,43.59,Female
3,546,13,66.96,Male
3,547,13,45.78,Female
3,548,13,69.03,Male
3,549,13,32.41,Female
3,550,13,48.79,Male
3,551,13,38.32,Male
3,552,13,38.59,Female
3,553,13,28.77,Male
3,554,13,60.61,Female
3,555,13,51.8,Male
3,556,13,55.58,Male
3,557,13,40.67,Female
3,558,13,61.88,Male
3,559,13,42.95,Male
3,560,13,38,Male
3,561,13,44.65,Male
3,562,13,63.41,Male
3,563,13,64.78,Female
3,564,13,48.4,Female
3,565,13,66.13,Female
3,566,13,55.7,Male
3,567,13,40.71,Male
3,568,14,25.73,Female
3,569,14,60.44,Male
3,570,14,58.29,Male
3,571,14,68.28,Male
3,572,14,45.29,Male
3,573,14,60.43,Male
3,574,14,41.42,Male
3,575,14,50.21,Male
3,576,14,38.17,Female
3,577,14,64.82,Male
3,578,14,44.81,Female
3,579,14,46.93,Male
3,580,14,38.56,Male
3,581,14,60.23,Female
3,582,14,56.8,Female
3,583,14,56.27,Male
3,584,14,43.89,Female
3,585,14,39.78,Female
3,586,14,44.11,Male
3,587,14,40.32,Female
3,588,14,66.69,Male
3,589,14,53.22,Male
3,590,14,67.26,Male
3,591,14,40.71,Female
3,592,14,45.38,Male
3,593,14,35.74,Female
3,594,14,61.63,Male
3,595,14,70.24,Male
3,596,14,48.41,Male
3,597,14,50.32,Male
3,598,14,42.11,Female
3,599,14,50.08,Female
3,600,14,38.48,Female
3,601,14,24.09,Female
3,602,14,40.12,Female
3,603,14,62.32,Male
3,604,14,46.91,Female
3,605,14,46.58,Female
3,606,14,44.03,Female
3,607,14,50.3,Female
3,608,14,58.79,Male
3,609,14,68.46,Male
3,610,14,80.32,Male
3,611,15,50.83,Female
3,612,15,41.66,Male
3,613,15,35.28,Male
3,614,15,54.38,Male
3,615,15,28.81,Female
3,616,15,40.58,Female
3,617,15,53.97,Female
3,618,15,43.36,Male
3,619,15,49.75,Male
3,620,15,60.85,Male
3,621,15,25.7,Female
3,622,15,59.76,Female
3,623,15,56.76,Female
3,624,15,49.35,Female
3,625,15,62.55,Male
3,626,15,43.43,Male
3,627,15,39.34,Male
3,628,15,64.58,Male
3,629,15,28.79,Female
3,630,15,24.77,Male
3,631,15,50.18,Male
3,632,15,55.02,Male
3,633,15,38.06,Male
3,634,15,44.26,Male
3,635,15,43.76,Female
3,636,15,53.56,Male
3,637,15,40.23,Male
3,638,15,62.8,Male
3,639,15,66.76,Male
3,640,15,59.62,Male
3,641,15,73.47,Male
3,642,15,45.56,Male
3,643,15,65.66,Male
3,644,15,43.02,Male
3,645,15,50.02,Male
3,646,15,67.74,Male
3,647,15,53.41,Male
3,648,15,41.53,Female
3,649,15,37.43,Female
3,650,15,22.73,Male
3,651,15,25.95,Female
3,652,15,50.87,Female
3,653,15,41.97,Female
3,654,15,30.97,Male
3,655,15,68.75,Male
3,656,15,57.55,Male
3,657,16,46.77,Male
3,658,16,47.82,Male
3,659,16,43.99,Female
3,660,16,38.12,Female
3,661,16,53.5,Male
3,662,16,49.6,Female
3,663,16,63.99,Female
3,664,16,47.95,Female
3,665,16,62.86,Male
3,666,16,59.48,Male
3,667,16,57.21,Female
3,668,16,68.18,Male
3,669,16,71.52,Male
3,670,16,58.13,Male
3,671,16,55.3,Male
3,672,16,43.08,Female
3,673,16,42.56,Male
3,674,16,49.49,Male
3,675,16,58.45,Male
3,676,16,44.93,Male
3,677,16,48.89,Male
3,678,16,51.88,Male
3,679,16,46.73,Female
3,680,16,74.44,Male
3,681,16,59.43,Male
3,682,16,59.54,Male
3,683,16,50.12,Female
3,684,16,41.41,Female
3,685,16,55.26,Male
3,686,16,66.42,Male
3,687,16,55.14,Male
3,688,16,61.43,Male
3,689,16,50.67,Female
3,690,16,54.23,Male
3,691,16,57.87,Male
3,692,16,63.61,Male
3,693,16,60.5,Male
3,694,16,57.44,Male
3,695,16,42.18,Male
3,696,16,78.39,Male
3,697,16,74.57,Male
3,698,16,59.97,Male
3,699,16,49.35,Female
3,700,16,58.18,Male
3,701,16,56.67,Male
3,702,16,65.43,Male
3,703,16,51.85,Male
3,704,17,49.86,Male
3,705,17,37.44,Female
3,706,17,42.04,Female
3,707,17,54.66,Male
3,708,17,38.77,Male
3,709,17,32.56,Male
3,710,17,64.44,Female
3,711,17,75.16,Male
3,712,17,35.87,Female
3,713,17,40.63,Male
3,714,17,51.81,Female
3,715,17,33.02,Male
3,716,17,31.14,Male
3,717,17,48.5,Male
3,718,17,38.78,Female
3,719,17,38.82,Male
3,720,17,41.56,Male
3,721,17,34.09,Male
3,722,17,41.3,Female
3,723,17,40.32,Female
3,724,17,30.47,Male
3,725,17,38.03,Female
3,726,17,56.92,Male
3,727,17,50.11,Male
3,728,17,42.37,Female
3,729,17,40.13,Female
3,730,17,51.05,Male
3,731,17,43.52,Male
3,732,17,38.13,Male
3,733,17,40.59,Male
3,734,17,30.95,Female
3,735,17,25.36,Female
3,736,17,38.08,Female
3,737,17,38.71,Male
3,738,17,43.55,Male
3,739,17,46.54,Male
3,740,17,42.41,Male
3,741,17,33.77,Male
3,742,17,46.5,Female
3,743,17,36.05,Female
3,744,17,41.45,Female
3,745,17,39.05,Female
3,746,17,34.76,Female
3,747,17,42.07,Male
3,748,17,45.6,Female
3,749,17,34.38,Female
3,750,17,44.48,Male
3,751,17,45.8,Male
3,752,17,38.18,Female
3,753,17,40.44,Male
3,754,17,46.42,Male
3,755,17,42.24,Male
3,756,17,41.36,Female
3,757,17,41.89,Male
3,758,17,45.89,Female
3,759,17,39.65,Male
3,760,18,59.85,Male
3,761,18,56.05,Female
3,762,18,54.92,Male
3,763,18,47.41,Male
3,764,18,36.16,Female
3,765,18,44.78,Male
3,766,18,47.77,Male
3,767,18,65,Male
3,768,18,45.96,Female
3,769,18,47.07,Male
3,770,18,45.57,Male
3,771,18,39.93,Male
3,772,18,61.47,Male
3,773,18,37.47,Male
3,774,18,40.7,Female
3,775,18,51.6,Male
3,776,18,43.07,Female
3,777,18,46.93,Male
3,778,18,38.57,Female
3,779,18,52.12,Male
3,780,18,47.8,Male
3,781,18,31.4,Female
3,782,18,44.8,Female
3,783,18,59.62,Male
3,784,18,40.01,Male
3,785,18,39.62,Female
3,786,18,40.59,Male
3,787,18,35.76,Female
3,788,18,41.95,Female
3,789,18,59.28,Male
3,790,18,49.39,Male
3,791,18,43.13,Male
3,792,18,48.99,Male
3,793,18,48.84,Male
3,794,18,48.51,Male
3,795,18,55.94,Male
3,796,18,55.26,Male
3,797,18,53.3,Female
3,798,18,37.22,Female
3,799,18,39.72,Male
3,800,18,53.29,Male
3,801,18,49.78,Female
3,802,18,46.84,Female
3,803,18,72.1,Male
3,804,18,59.76,Male
3,805,18,53.59,Female
3,806,18,48.27,Female
3,807,18,75.41,Male
3,808,18,72.43,Male
3,809,18,42.56,Male
3,810,18,56.91,Male
3,811,18,47.89,Female
3,812,18,36.82,Male
3,813,18,36.89,Male
3,814,18,44.52,Male
4,1,1,74.46,Male
4,2,1,47.95,Male
4,3,1,49.03,Male
4,4,1,55.29,Male
4,5,1,85.01,Female
4,6,1,72.49,Male
4,7,1,53.65,Female
4,8,1,72.87,Male
4,9,1,72.54,Male
4,10,1,64.86,Male
4,11,1,56.91,Male
4,12,1,77.05,Female
4,13,1,76.16,Male
4,14,1,51.88,Male
4,15,1,69.25,Male
4,16,1,54.77,Female
4,17,1,59.21,Female
4,18,1,61.31,Male
4,19,1,59.71,Male
4,20,1,76.54,Male
4,21,1,59.45,Female
4,22,1,72.48,Male
4,23,1,60.65,Male
4,24,1,62.53,Male
4,25,1,61.38,Female
4,26,1,55.64,Male
4,27,1,74.54,Female
4,28,1,52.49,Female
4,29,1,77.67,Male
4,30,1,56.81,Female
4,31,1,58.87,Female
4,32,1,53.86,Male
4,33,1,53.5,Female
4,34,1,60,Female
4,35,1,53.17,Male
4,36,1,59.36,Male
4,37,1,56.73,Male
4,38,1,66.4,Male
4,39,1,65.71,Male
4,40,1,52.47,Female
4,41,1,70.75,Male
4,42,1,69.99,Female
4,43,1,71.67,Male
4,44,2,60.99,Male
4,45,2,55.08,Female
4,46,2,59.12,Male
4,47,2,61.32,Male
4,48,2,57.64,Female
4,49,2,51.45,Female
4,50,2,52.72,Male
4,51,2,57.98,Female
4,52,2,59.37,Female
4,53,2,64.31,Female
4,54,2,54.93,Female
4,55,2,55.66,Female
4,56,2,55.47,Female
4,57,2,60.41,Female
4,58,2,63.4,Female
4,59,2,56.94,Female
4,60,2,70.4,Female
4,61,2,58.18,Male
4,62,2,51.13,Female
4,63,2,56.27,Male
4,64,2,62.05,Female
4,65,2,55.14,Female
4,66,2,60.12,Female
4,67,2,52.28,Male
4,68,2,49.29,Male
4,69,2,66.45,Female
4,70,2,72.2,Male
4,71,2,53.21,Female
4,72,2,54.56,Female
4,73,2,53.44,Female
4,74,2,59.38,Male
4,75,2,66.36,Male
4,76,2,74.16,Female
4,77,2,61.62,Female
4,78,2,65.56,Female
4,79,2,39.92,Male
4,80,2,58.56,Female
4,81,2,44.46,Male
4,82,2,54.14,Female
4,83,2,53.61,Female
4,84,2,75.88,Male
4,85,3,55.08,Female
4,86,3,43.63,Male
4,87,3,61.43,Female
4,88,3,59.88,Male
4,89,3,70.52,Female
4,90,3,59.77,Female
4,91,3,56.14,Male
4,92,3,47.06,Female
4,93,3,51.04,Male
4,94,3,53.87,Female
4,95,3,51,Male
4,96,3,59.54,Female
4,97,3,57.51,Female
4,98,3,38.6,Male
4,99,3,72.43,Male
4,100,3,55.12,Female
4,101,3,47.4,Female
4,102,3,68.51,Female
4,103,3,55.65,Male
4,104,3,44.4,Male
4,105,3,52.39,Female
4,106,3,45.48,Female
4,107,3,57.45,Female
4,108,3,56.03,Male
4,109,3,51.25,Female
4,110,3,50.14,Female
4,111,3,54.74,Male
4,112,3,58.91,Female
4,113,3,64.3,Female
4,114,3,49.92,Female
4,115,3,47.98,Male
4,116,3,48.84,Male
4,117,3,49.8,Male
4,118,3,66.06,Male
4,119,3,61.47,Female
4,120,3,56.34,Male
4,121,3,67.66,Female
4,122,3,58.25,Female
4,123,3,51.85,Female
4,124,3,72.67,Male
4,125,3,46.1,Male
4,126,3,45.44,Male
4,127,3,58.95,Female
4,128,3,49.54,Female
4,129,3,41.75,Male
4,130,3,45.1,Male
4,131,3,36.55,Female
4,132,3,51.26,Male
4,133,3,70.17,Male
4,134,3,58.36,Male
4,135,3,51.61,Male
4,136,4,71.54,Male
4,137,4,71.16,Male
4,138,4,62.49,Female
4,139,4,51.32,Male
4,140,4,63.42,Male
4,141,4,62.34,Male
4,142,4,54.04,Male
4,143,4,60.33,Male
4,144,4,53.49,Female
4,145,4,63.08,Male
4,146,4,67.16,Male
4,147,4,66.43,Female
4,148,4,63.29,Female
4,149,4,66.93,Male
4,150,4,59.46,Female
4,151,4,60.7,Female
4,152,4,67.63,Male
4,153,4,57.47,Female
4,154,4,55.79,Male
4,155,4,43.83,Male
4,156,4,50.36,Male
4,157,4,39.56,Female
4,158,4,74.53,Male
4,159,4,69.08,Male
4,160,4,66.57,Male
4,161,4,61.43,Female
4,162,4,56.2,Female
4,163,4,47.45,Male
4,164,4,63.12,Female
4,165,4,65.12,Male
4,166,4,60.83,Female
4,167,4,79.28,Male
4,168,4,64.86,Male
4,169,4,55.39,Female
4,170,4,60.77,Male
4,171,4,68.71,Male
4,172,4,60.72,Male
4,173,4,54.2,Female
4,174,4,61.11,Male
4,175,4,54.17,Female
4,176,4,50.53,Male
4,177,5,58.75,Male
4,178,5,69.17,Male
4,179,5,61.02,Male
4,180,5,54.48,Female
4,181,5,49.75,Female
4,182,5,57.03,Female
4,183,5,63.23,Female
4,184,5,63.28,Male
4,185,5,56.07,Male
4,186,5,66.46,Male
4,187,5,69.01,Male
4,188,5,55.97,Female
4,189,5,56.53,Male
4,190,5,61.54,Male
4,191,5,71.18,Male
4,192,5,59.02,Male
4,193,5,73.9,Male
4,194,5,66.49,Male
4,195,5,57.42,Female
4,196,5,48.33,Female
4,197,5,62.18,Female
4,198,5,54.27,Male
4,199,5,62.91,Female
4,200,5,69.13,Male
4,201,5,52.32,Male
4,202,5,58.87,Male
4,203,5,63.27,Female
4,204,5,52.12,Female
4,205,5,65.8,Male
4,206,5,71.42,Female
4,207,5,56.81,Female
4,208,5,50.64,Female
4,209,5,50.75,Female
4,210,5,51.88,Male
4,211,5,65.98,Male
4,212,5,61.64,Male
4,213,5,60.14,Male
4,214,5,52.24,Male
4,215,5,68.84,Male
4,216,5,51.72,Male
4,217,5,71.12,Male
4,218,5,57.31,Female
4,219,5,57.7,Female
4,220,5,53.64,Female
4,221,5,69.54,Female
4,222,5,51.55,Female
4,223,6,59.78,Male
4,224,6,45.54,Male
4,225,6,69.62,Male
4,226,6,52.21,Male
4,227,6,68.74,Female
4,228,6,64.63,Female
4,229,6,67.68,Male
4,230,6,57.58,Male
4,231,6,64.04,Male
4,232,6,59.81,Male
4,233,6,66.93,Male
4,234,6,68.15,Female
4,235,6,47.52,Male
4,236,6,67.38,Male
4,237,6,44.18,Female
4,238,6,58.98,Female
4,239,6,63.63,Male
4,240,6,55.25,Male
4,241,6,64.23,Female
4,242,6,41.07,Male
4,243,6,63.62,Male
4,244,6,61.21,Male
4,245,6,65.11,Female
4,246,6,52.23,Male
4,247,6,59.43,Male
4,248,6,58.36,Female
4,249,6,69.14,Female
4,250,6,62.97,Female
4,251,6,59.32,Female
4,252,6,70.43,Male
4,253,6,44.1,Female
4,254,6,52.89,Female
4,255,6,58.19,Male
4,256,6,52.24,Male
4,257,6,64.21,Male
4,258,6,54.18,Male
4,259,6,61.65,Male
4,260,6,66.79,Male
4,261,6,57.79,Female
4,262,6,56.09,Male
4,263,6,56.3,Male
4,264,6,62.7,Male
4,265,6,73,Female
4,266,6,54.29,Male
4,267,6,62.17,Female
4,268,6,63.93,Female
4,269,6,63.58,Male
4,270,6,61.55,Male
4,271,7,57.21,Female
4,272,7,41.06,Male
4,273,7,59.07,Male
4,274,7,52.4,Male
4,275,7,72.42,Female
4,276,7,65.23,Male
4,277,7,53.01,Male
4,278,7,52.54,Female
4,279,7,58.11,Female
4,280,7,46.65,Male
4,281,7,51.56,Female
4,282,7,43.07,Male
4,283,7,52.39,Female
4,284,7,41.06,Male
4,285,7,48.54,Male
4,286,7,39.11,Female
4,287,7,73.45,Male
4,288,7,44.1,Male
4,289,7,49.3,Female
4,290,7,40.99,Female
4,291,7,52.78,Female
4,292,7,57.08,Male
4,293,7,58.59,Female
4,294,7,44,Female
4,295,7,60.68,Male
4,296,7,41.58,Male
4,297,7,52.72,Female
4,298,7,44.14,Male
4,299,7,51.81,Female
4,300,7,52.01,Male
4,301,7,43.29,Male
4,302,7,63.63,Female
4,303,7,45.05,Female
4,304,7,50.94,Female
4,305,7,59.79,Female
4,306,7,63.91,Female
4,307,7,63.02,Female
4,308,7,36.13,Female
4,309,7,43.93,Male
4,310,7,66.64,Male
4,311,7,63.75,Male
4,312,7,69.75,Female
4,313,7,35.53,Female
4,314,7,37.56,Female
4,315,7,54.14,Male
4,316,7,54.53,Male
4,317,7,64.5,Male
4,318,7,48.08,Male
4,319,7,43.33,Female
4,320,7,59.2,Female
4,321,7,51.09,Male
4,322,7,41.62,Female
4,323,7,58.25,Female
4,324,7,67.7,Male
4,325,7,42.66,Female
4,326,7,48.29,Female
4,327,7,41.91,Male
4,328,7,52.52,Female
4,329,7,60.98,Male
4,330,7,58.08,Male
4,331,7,55.26,Female
4,332,7,46.35,Male
4,333,7,47.07,Female
4,334,7,56.49,Female
4,335,7,61.08,Female
4,336,7,53.59,Male
4,337,7,60.7,Female
4,338,8,61.76,Male
4,339,8,60.58,Female
4,340,8,57.11,Male
4,341,8,69.56,Female
4,342,8,53.38,Male
4,343,8,66.99,Female
4,344,8,60.32,Male
4,345,8,61.53,Male
4,346,8,64.69,Female
4,347,8,73.5,Female
4,348,8,61.01,Male
4,349,8,49.96,Female
4,350,8,57.03,Female
4,351,8,56.65,Male
4,352,8,51.02,Male
4,353,8,58.21,Female
4,354,8,67.38,Male
4,355,8,63.47,Male
4,356,8,68.48,Female
4,357,8,63.62,Male
4,358,8,58.15,Female
4,359,8,60.71,Male
4,360,8,59.79,Male
4,361,8,57.86,Male
4,362,8,75.62,Male
4,363,8,53.63,Male
4,364,8,71.7,Male
4,365,8,45.15,Female
4,366,8,61.93,Male
4,367,8,49.79,Female
4,368,8,63.4,Male
4,369,8,63.88,Female
4,370,8,72.8,Male
4,371,8,61.33,Female
4,372,8,67.78,Male
4,373,8,65.06,Female
4,374,8,65.32,Female
4,375,8,44.83,Female
4,376,8,56.49,Female
4,377,8,63.6,Female
4,378,8,52.34,Male
4,379,8,35.59,Female
4,380,8,69.2,Female
4,381,8,69.04,Male
4,382,8,58.64,Male
4,383,8,66.32,Female
4,384,8,73.47,Female
4,385,8,79.12,Male
4,386,8,70.6,Male
4,387,8,66.74,Female
4,388,8,70.41,Male
4,389,8,62.88,Female
4,390,8,54.06,Male
4,391,8,67.96,Male
4,392,8,49.63,Female
4,393,9,56.84,Male
4,394,9,52.98,Male
4,395,9,48.92,Female
4,396,9,54.91,Female
4,397,9,52.57,Male
4,398,9,72.6,Male
4,399,9,70.07,Female
4,400,9,67.27,Male
4,401,9,62.27,Male
4,402,9,58.07,Male
4,403,9,47.1,Female
4,404,9,55.28,Male
4,405,9,47.19,Male
4,406,9,47.09,Female
4,407,9,65.33,Male
4,408,9,43.8,Male
4,409,9,58.12,Female
4,410,9,49.14,Female
4,411,9,69.51,Male
4,412,9,56.48,Male
4,413,9,52.7,Female
4,414,9,51.73,Male
4,415,9,43.65,Female
4,416,9,56.77,Female
4,417,9,70.21,Male
4,418,9,48.9,Male
4,419,9,50.97,Female
4,420,9,54.36,Female
4,421,9,50.95,Female
4,422,9,47.83,Male
4,423,9,73,Male
4,424,9,58.31,Female
4,425,9,70.55,Female
4,426,9,72.65,Male
4,427,9,48.41,Female
4,428,9,44.52,Male
4,429,9,52.77,Male
4,430,9,57.41,Male
4,431,9,63.89,Female
4,432,9,67.56,Female
4,433,9,51.42,Male
4,434,9,50.91,Male
4,435,10,69.07,Male
4,436,10,38.62,Female
4,437,10,48.43,Female
4,438,10,42,Male
4,439,10,40.94,Female
4,440,10,61.97,Female
4,441,10,42.36,Female
4,442,10,57.13,Male
4,443,10,46.72,Male
4,444,10,45.13,Male
4,445,10,58.03,Male
4,446,10,39.42,Female
4,447,10,54.53,Female
4,448,10,38.09,Male
4,449,10,43.81,Male
4,450,10,44.62,Female
4,451,10,39.14,Female
4,452,10,43.49,Female
4,453,10,39.8,Male
4,454,10,45.08,Male
4,455,10,71.45,Male
4,456,10,41.55,Female
4,457,10,46.93,Male
4,458,10,45.38,Female
4,459,10,78.41,Male
4,460,10,45.17,Female
4,461,10,53.04,Male
4,462,10,45.61,Female
4,463,10,56.97,Male
4,464,10,56.15,Male
4,465,10,45.31,Male
4,466,10,43.9,Female
4,467,10,62.4,Male
4,468,11,41.8,Male
4,469,11,44.96,Male
4,470,11,39.42,Male
4,471,11,51.91,Male
4,472,11,56.99,Female
4,473,11,40.92,Male
4,474,11,41.65,Female
4,475,11,63.62,Male
4,476,11,54.04,Male
4,477,11,45.86,Female
4,478,11,56.79,Female
4,479,11,58.96,Male
4,480,11,61.73,Male
4,481,11,54.65,Male
4,482,11,49.35019,Male
4,483,11,54.5,Male
4,484,11,54.21,Female
4,485,11,60.61,Male
4,486,11,67.78,Male
4,487,11,43.43,Female
4,488,11,45.08,Male
4,489,11,42.54,Female
4,490,11,40.64,Female
4,491,11,58.15,Male
4,492,11,41.48,Female
4,493,11,58.15,Male
4,494,11,46.38,Female
4,495,11,65.32,Female
4,496,11,43.8,Female
4,497,11,60.51,Female
4,498,11,64.07,Male
4,499,11,63.2,Male
4,500,11,64.33,Male
4,501,11,62.25,Male
4,502,11,66.18,Male
4,503,11,46.4,Male
4,504,11,50.37,Female
4,505,12,57.84,Male
4,506,12,42.41,Female
4,507,12,39.04,Female
4,508,12,32.27,Female
4,509,12,40.62,Male
4,510,12,42.57,Male
4,511,12,42.57,Female
4,512,12,49.24,Female
4,513,12,48.08,Female
4,514,12,60.55,Male
4,515,12,47.38,Female
4,516,12,37.19,Female
4,517,12,46.71,Female
4,518,12,60.89,Male
4,519,12,37.35,Male
4,520,12,57.31,Male
4,521,12,43.59,Male
4,522,12,45.56,Female
4,523,12,64.27,Male
4,524,12,63.02,Male
4,525,12,62.25,Male
4,526,12,64.81,Male
4,527,13,61.53,Male
4,528,13,42.02,Female
4,529,13,39.44,Female
4,530,13,39.77,Female
4,531,13,69.69,Male
4,532,13,37.32,Female
4,533,13,36.99,Female
4,534,13,63.27,Male
4,535,13,46.2,Male
4,536,13,57.91,Female
4,537,13,43.42,Female
4,538,13,39.87,Female
4,539,13,53.65,Male
4,540,13,43.34,Female
4,541,13,36.85,Female
4,542,13,38.58,Female
4,543,13,63.83,Male
4,544,13,39.81,Male
4,545,13,43.59,Female
4,546,13,66.96,Male
4,547,13,45.78,Female
4,548,13,69.03,Male
4,549,13,32.41,Female
4,550,13,48.79,Male
4,551,13,38.32,Female
4,552,13,38.59,Female
4,553,13,28.77,Female
4,554,13,60.61,Male
4,555,13,51.8,Male
4,556,13,55.58,Male
4,557,13,40.67,Male
4,558,13,61.88,Male
4,559,13,42.95,Male
4,560,13,38,Female
4,561,13,44.65,Male
4,562,13,63.41,Male
4,563,13,64.78,Male
4,564,13,48.4,Female
4,565,13,66.13,Male
4,566,13,55.7,Male
4,567,13,40.71,Male
4,568,14,25.73,Female
4,569,14,60.44,Male
4,570,14,58.29,Male
4,571,14,68.28,Male
4,572,14,45.29,Female
4,573,14,60.43,Female
4,574,14,41.42,Male
4,575,14,50.21,Female
4,576,14,38.17,Male
4,577,14,64.82,Male
4,578,14,44.81,Male
4,579,14,46.93,Male
4,580,14,38.56,Male
4,581,14,60.23,Female
4,582,14,56.8,Female
4,583,14,56.27,Female
4,584,14,43.89,Female
4,585,14,39.78,Female
4,586,14,44.11,Male
4,587,14,40.32,Female
4,588,14,66.69,Male
4,589,14,53.22,Male
4,590,14,67.26,Male
4,591,14,40.71,Female
4,592,14,45.38,Male
4,593,14,35.74,Female
4,594,14,61.63,Male
4,595,14,70.24,Male
4,596,14,48.41,Male
4,597,14,50.32,Male
4,598,14,42.11,Female
4,599,14,50.08,Female
4,600,14,38.48,Male
4,601,14,24.09,Female
4,602,14,40.12,Male
4,603,14,62.32,Male
4,604,14,46.91,Female
4,605,14,46.58,Female
4,606,14,44.03,Female
4,607,14,50.3,Male
4,608,14,58.79,Male
4,609,14,68.46,Male
4,610,14,80.32,Male
4,611,15,50.83,Female
4,612,15,41.66,Female
4,613,15,35.28,Male
4,614,15,54.38,Male
4,615,15,28.81,Female
4,616,15,40.58,Female
4,617,15,53.97,Female
4,618,15,43.36,Male
4,619,15,49.75,Male
4,620,15,60.85,Male
4,621,15,25.7,Female
4,622,15,59.76,Male
4,623,15,56.76,Male
4,624,15,49.35,Female
4,625,15,62.55,Female
4,626,15,43.43,Male
4,627,15,39.34,Male
4,628,15,64.58,Male
4,629,15,28.79,Female
4,630,15,24.77,Female
4,631,15,50.18,Male
4,632,15,55.02,Male
4,633,15,38.06,Male
4,634,15,44.26,Female
4,635,15,43.76,Female
4,636,15,53.56,Male
4,637,15,40.23,Male
4,638,15,62.8,Male
4,639,15,66.76,Male
4,640,15,59.62,Female
4,641,15,73.47,Male
4,642,15,45.56,Female
4,643,15,65.66,Male
4,644,15,43.02,Male
4,645,15,50.02,Female
4,646,15,67.74,Male
4,647,15,53.41,Male
4,648,15,41.53,Female
4,649,15,37.43,Female
4,650,15,22.73,Male
4,651,15,25.95,Female
4,652,15,50.87,Male
4,653,15,41.97,Male
4,654,15,30.97,Female
4,655,15,68.75,Male
4,656,15,57.55,Male
4,657,16,46.77,Male
4,658,16,47.82,Female
4,659,16,43.99,Female
4,660,16,38.12,Female
4,661,16,53.5,Male
4,662,16,49.6,Male
4,663,16,63.99,Male
4,664,16,47.95,Female
4,665,16,62.86,Female
4,666,16,59.48,Male
4,667,16,57.21,Male
4,668,16,68.18,Male
4,669,16,71.52,Male
4,670,16,58.13,Male
4,671,16,55.3,Male
4,672,16,43.08,Female
4,673,16,42.56,Male
4,674,16,49.49,Female
4,675,16,58.45,Male
4,676,16,44.93,Female
4,677,16,48.89,Female
4,678,16,51.88,Male
4,679,16,46.73,Male
4,680,16,74.44,Male
4,681,16,59.43,Female
4,682,16,59.54,Male
4,683,16,50.12,Female
4,684,16,41.41,Male
4,685,16,55.26,Male
4,686,16,66.42,Male
4,687,16,55.14,Male
4,688,16,61.43,Male
4,689,16,50.67,Female
4,690,16,54.23,Male
4,691,16,57.87,Male
4,692,16,63.61,Male
4,693,16,60.5,Female
4,694,16,57.44,Female
4,695,16,42.18,Female
4,696,16,78.39,Male
4,697,16,74.57,Male
4,698,16,59.97,Male
4,699,16,49.35,Female
4,700,16,58.18,Male
4,701,16,56.67,Male
4,702,16,65.43,Male
4,703,16,51.85,Male
4,704,17,49.86,Male
4,705,17,37.44,Female
4,706,17,42.04,Male
4,707,17,54.66,Male
4,708,17,38.77,Female
4,709,17,32.56,Female
4,710,17,64.44,Male
4,711,17,75.16,Male
4,712,17,35.87,Female
4,713,17,40.63,Female
4,714,17,51.81,Female
4,715,17,33.02,Female
4,716,17,31.14,Female
4,717,17,48.5,Female
4,718,17,38.78,Male
4,719,17,26.96,Female
4,720,17,41.56,Female
4,721,17,34.09,Female
4,722,17,41.3,Female
4,723,17,40.32,Female
4,724,17,30.47,Female
4,725,17,38.03,Female
4,726,17,56.92,Male
4,727,17,50.11,Male
4,728,17,42.37,Male
4,729,17,40.13,Female
4,730,17,51.05,Male
4,731,17,43.52,Female
4,732,17,38.13,Female
4,733,17,40.59,Female
4,734,17,30.95,Female
4,735,17,25.36,Male
4,736,17,38.08,Male
4,737,17,38.71,Female
4,738,17,43.55,Male
4,739,17,46.54,Female
4,740,17,42.41,Male
4,741,17,33.77,Female
4,742,17,46.5,Female
4,743,17,36.05,Female
4,744,17,41.45,Female
4,745,17,39.05,Female
4,746,17,34.76,Female
4,747,17,42.07,Female
4,748,17,45.6,Female
4,749,17,34.38,Female
4,750,17,44.48,Male
4,751,17,45.8,Male
4,752,17,38.18,Female
4,753,17,40.44,Male
4,754,17,46.42,Female
4,755,17,56.48,Male
4,756,17,41.36,Female
4,757,17,41.89,Male
4,758,17,45.89,Female
4,759,17,39.65,Female
4,760,18,59.85,Male
4,761,18,56.05,Male
4,762,18,54.92,Female
4,763,18,47.41,Female
4,764,18,36.16,Female
4,765,18,44.78,Female
4,766,18,47.77,Male
4,767,18,65,Male
4,768,18,45.96,Male
4,769,18,47.07,Female
4,770,18,45.57,Female
4,771,18,39.93,Female
4,772,18,61.47,Male
4,773,18,37.47,Female
4,774,18,40.7,Female
4,775,18,51.6,Male
4,776,18,43.07,Male
4,777,18,46.93,Male
4,778,18,38.57,Female
4,779,18,52.12,Male
4,780,18,47.8,Male
4,781,18,31.4,Female
4,782,18,44.8,Female
4,783,18,59.62,Male
4,784,18,40.01,Male
4,785,18,39.62,Female
4,786,18,40.59,Male
4,787,18,35.76,Female
4,788,18,41.95,Male
4,789,18,59.28,Male
4,790,18,49.39,Male
4,791,18,43.13,Male
4,792,18,48.99,Male
4,793,18,48.84,Female
4,794,18,48.51,Male
4,795,18,55.94,Male
4,796,18,55.26,Male
4,797,18,53.3,Female
4,798,18,37.22,Female
4,799,18,39.72,Female
4,800,18,53.29,Male
4,801,18,49.78,Female
4,802,18,46.84,Female
4,803,18,72.1,Male
4,804,18,59.76,Male
4,805,18,53.59,Male
4,806,18,48.27,Female
4,807,18,75.41,Male
4,808,18,72.43,Male
4,809,18,42.56,Male
4,810,18,56.91,Male
4,811,18,47.89,Female
4,812,18,36.82,Male
4,813,18,36.89,Female
4,814,18,44.52,Female
5,1,1,74.46,Male
5,2,1,47.95,Female
5,3,1,49.03,Female
5,4,1,55.29,Female
5,5,1,85.01,Female
5,6,1,72.49,Male
5,7,1,53.65,Female
5,8,1,72.87,Female
5,9,1,72.54,Female
5,10,1,64.86,Female
5,11,1,56.91,Male
5,12,1,77.05,Male
5,13,1,76.16,Male
5,14,1,51.88,Female
5,15,1,69.25,Female
5,16,1,54.77,Female
5,17,1,59.21,Female
5,18,1,61.31,Female
5,19,1,59.71,Male
5,20,1,76.54,Male
5,21,1,59.45,Female
5,22,1,72.48,Male
5,23,1,60.65,Male
5,24,1,62.53,Female
5,25,1,61.38,Female
5,26,1,55.64,Male
5,27,1,74.54,Female
5,28,1,52.49,Female
5,29,1,77.67,Male
5,30,1,56.81,Female
5,31,1,58.87,Female
5,32,1,53.86,Female
5,33,1,53.5,Female
5,34,1,60,Female
5,35,1,53.17,Female
5,36,1,59.36,Female
5,37,1,56.73,Female
5,38,1,66.4,Male
5,39,1,65.71,Male
5,40,1,52.47,Female
5,41,1,70.75,Male
5,42,1,69.99,Female
5,43,1,71.67,Female
5,44,2,60.99,Female
5,45,2,55.08,Female
5,46,2,59.12,Female
5,47,2,61.32,Male
5,48,2,57.64,Female
5,49,2,51.45,Female
5,50,2,52.72,Female
5,51,2,57.98,Female
5,52,2,59.37,Male
5,53,2,64.31,Female
5,54,2,54.93,Female
5,55,2,55.66,Female
5,56,2,55.47,Female
5,57,2,60.41,Female
5,58,2,63.4,Female
5,59,2,56.94,Male
5,60,2,70.4,Female
5,61,2,58.18,Female
5,62,2,51.13,Female
5,63,2,56.27,Female
5,64,2,62.05,Male
5,65,2,55.14,Female
5,66,2,60.12,Female
5,67,2,52.28,Female
5,68,2,49.29,Female
5,69,2,66.45,Female
5,70,2,72.2,Female
5,71,2,53.21,Female
5,72,2,54.56,Female
5,73,2,53.44,Female
5,74,2,59.38,Male
5,75,2,66.36,Male
5,76,2,74.16,Female
5,77,2,61.62,Female
5,78,2,65.56,Female
5,79,2,39.92,Female
5,80,2,58.56,Female
5,81,2,44.46,Female
5,82,2,54.14,Female
5,83,2,53.61,Male
5,84,2,75.88,Male
5,85,3,55.08,Female
5,86,3,43.63,Male
5,87,3,67.66,Male
5,88,3,59.88,Female
5,89,3,70.52,Female
5,90,3,59.77,Female
5,91,3,56.14,Female
5,92,3,47.06,Female
5,93,3,51.04,Male
5,94,3,53.87,Female
5,95,3,51,Male
5,96,3,59.54,Female
5,97,3,57.51,Female
5,98,3,38.6,Male
5,99,3,72.43,Female
5,100,3,55.12,Female
5,101,3,47.4,Female
5,102,3,68.51,Female
5,103,3,55.65,Male
5,104,3,44.4,Male
5,105,3,52.39,Female
5,106,3,45.48,Female
5,107,3,57.45,Female
5,108,3,56.03,Female
5,109,3,51.25,Male
5,110,3,50.14,Female
5,111,3,54.74,Female
5,112,3,58.91,Female
5,113,3,64.3,Female
5,114,3,49.92,Female
5,115,3,47.98,Male
5,116,3,48.84,Male
5,117,3,49.8,Male
5,118,3,66.06,Female
5,119,3,61.47,Male
5,120,3,56.34,Female
5,121,3,67.66,Female
5,122,3,58.25,Male
5,123,3,51.85,Male
5,124,3,72.67,Male
5,125,3,46.1,Female
5,126,3,45.44,Female
5,127,3,58.95,Female
5,128,3,49.54,Female
5,129,3,41.75,Female
5,130,3,45.1,Female
5,131,3,36.55,Female
5,132,3,51.26,Female
5,133,3,70.17,Female
5,134,3,58.36,Male
5,135,3,51.61,Male
5,136,4,71.54,Male
5,137,4,71.16,Male
5,138,4,62.49,Female
5,139,4,51.32,Female
5,140,4,63.42,Male
5,141,4,62.34,Male
5,142,4,54.04,Male
5,143,4,60.33,Female
5,144,4,53.49,Male
5,145,4,63.08,Male
5,146,4,67.16,Female
5,147,4,66.43,Female
5,148,4,63.29,Female
5,149,4,66.93,Male
5,150,4,59.46,Male
5,151,4,60.7,Male
5,152,4,67.63,Female
5,153,4,57.47,Female
5,154,4,55.79,Male
5,155,4,43.83,Male
5,156,4,50.36,Female
5,157,4,39.56,Female
5,158,4,74.53,Male
5,159,4,69.08,Male
5,160,4,66.57,Male
5,161,4,61.43,Female
5,162,4,56.2,Female
5,163,4,47.45,Male
5,164,4,63.12,Female
5,165,4,65.12,Male
5,166,4,60.83,Female
5,167,4,79.28,Female
5,168,4,64.86,Male
5,169,4,55.39,Female
5,170,4,60.77,Female
5,171,4,68.71,Female
5,172,4,60.72,Male
5,173,4,54.2,Female
5,174,4,61.11,Male
5,175,4,54.17,Male
5,176,4,50.53,Female
5,177,5,58.75,Male
5,178,5,69.17,Male
5,179,5,61.02,Male
5,180,5,54.48,Female
5,181,5,49.75,Female
5,182,5,57.03,Female
5,183,5,63.23,Female
5,184,5,63.28,Male
5,185,5,56.07,Female
5,186,5,66.46,Male
5,187,5,69.01,Male
5,188,5,55.97,Male
5,189,5,56.53,Female
5,190,5,61.54,Female
5,191,5,71.18,Male
5,192,5,59.02,Male
5,193,5,73.9,Male
5,194,5,66.49,Female
5,195,5,57.42,Female
5,196,5,48.33,Female
5,197,5,62.18,Female
5,198,5,54.27,Female
5,199,5,62.91,Female
5,200,5,69.13,Male
5,201,5,52.32,Male
5,202,5,58.87,Male
5,203,5,63.27,Female
5,204,5,52.12,Male
5,205,5,65.8,Male
5,206,5,71.42,Male
5,207,5,56.81,Female
5,208,5,50.64,Male
5,209,5,50.75,Female
5,210,5,51.88,Female
5,211,5,65.98,Male
5,212,5,61.64,Male
5,213,5,60.14,Male
5,214,5,52.24,Male
5,215,5,68.84,Male
5,216,5,51.72,Male
5,217,5,71.12,Male
5,218,5,57.31,Female
5,219,5,57.7,Female
5,220,5,53.64,Female
5,221,5,69.54,Female
5,222,5,51.55,Male
5,223,6,59.78,Female
5,224,6,45.54,Female
5,225,6,69.62,Male
5,226,6,52.21,Female
5,227,6,68.74,Male
5,228,6,64.63,Male
5,229,6,67.68,Male
5,230,6,57.58,Female
5,231,6,64.04,Male
5,232,6,59.81,Female
5,233,6,66.93,Male
5,234,6,68.15,Female
5,235,6,47.52,Female
5,236,6,67.38,Male
5,237,6,44.18,Female
5,238,6,58.98,Female
5,239,6,63.63,Male
5,240,6,55.25,Female
5,241,6,64.23,Female
5,242,6,41.07,Male
5,243,6,63.62,Male
5,244,6,61.21,Female
5,245,6,65.11,Male
5,246,6,52.23,Male
5,247,6,59.43,Male
5,248,6,58.36,Female
5,249,6,69.14,Male
5,250,6,62.97,Female
5,251,6,59.32,Female
5,252,6,70.43,Female
5,253,6,44.1,Male
5,254,6,52.89,Female
5,255,6,58.19,Male
5,256,6,52.24,Male
5,257,6,64.21,Female
5,258,6,54.18,Male
5,259,6,61.65,Female
5,260,6,66.79,Male
5,261,6,57.79,Male
5,262,6,56.09,Male
5,263,6,56.3,Male
5,264,6,62.7,Female
5,265,6,73,Female
5,266,6,54.29,Male
5,267,6,62.17,Male
5,268,6,63.93,Male
5,269,6,63.58,Male
5,270,6,61.55,Male
5,271,7,57.21,Male
5,272,7,41.06,Male
5,273,7,59.07,Male
5,274,7,52.4,Male
5,275,7,72.42,Male
5,276,7,65.23,Male
5,277,7,53.01,Male
5,278,7,52.54,Female
5,279,7,58.11,Female
5,280,7,46.65,Male
5,281,7,51.56,Female
5,282,7,43.07,Male
5,283,7,52.39,Female
5,284,7,41.06,Male
5,285,7,48.54,Female
5,286,7,39.11,Female
5,287,7,73.45,Male
5,288,7,44.1,Male
5,289,7,49.3,Female
5,290,7,40.99,Female
5,291,7,52.78,Female
5,292,7,57.08,Male
5,293,7,58.59,Female
5,294,7,44,Female
5,295,7,60.68,Male
5,296,7,41.58,Male
5,297,7,52.72,Male
5,298,7,44.14,Male
5,299,7,51.81,Female
5,300,7,52.01,Female
5,301,7,43.29,Male
5,302,7,63.63,Female
5,303,7,45.05,Female
5,304,7,50.94,Male
5,305,7,59.79,Male
5,306,7,63.91,Female
5,307,7,63.02,Female
5,308,7,36.13,Male
5,309,7,43.93,Male
5,310,7,66.64,Male
5,311,7,63.75,Female
5,312,7,69.75,Male
5,313,7,35.53,Female
5,314,7,37.56,Female
5,315,7,54.14,Male
5,316,7,54.53,Male
5,317,7,64.5,Male
5,318,7,48.08,Female
5,319,7,43.33,Female
5,320,7,59.2,Female
5,321,7,51.09,Male
5,322,7,41.62,Female
5,323,7,58.25,Male
5,324,7,67.7,Male
5,325,7,42.66,Male
5,326,7,48.29,Male
5,327,7,41.91,Female
5,328,7,52.52,Female
5,329,7,60.98,Male
5,330,7,58.08,Male
5,331,7,55.26,Female
5,332,7,46.35,Female
5,333,7,47.07,Male
5,334,7,56.49,Male
5,335,7,61.08,Female
5,336,7,53.59,Male
5,337,7,60.7,Female
5,338,8,61.76,Male
5,339,8,60.58,Female
5,340,8,57.11,Male
5,341,8,69.56,Male
5,342,8,53.38,Male
5,343,8,66.99,Male
5,344,8,60.32,Male
5,345,8,61.53,Male
5,346,8,64.69,Female
5,347,8,73.5,Male
5,348,8,61.01,Male
5,349,8,49.96,Male
5,350,8,57.03,Female
5,351,8,56.65,Male
5,352,8,51.02,Female
5,353,8,58.21,Female
5,354,8,67.38,Male
5,355,8,63.47,Male
5,356,8,68.48,Female
5,357,8,63.62,Female
5,358,8,58.15,Male
5,359,8,60.71,Male
5,360,8,59.79,Male
5,361,8,57.86,Male
5,362,8,75.62,Male
5,363,8,53.63,Male
5,364,8,71.7,Male
5,365,8,45.15,Female
5,366,8,61.93,Male
5,367,8,49.79,Male
5,368,8,63.4,Male
5,369,8,63.88,Female
5,370,8,72.8,Male
5,371,8,61.33,Female
5,372,8,67.78,Male
5,373,8,65.06,Female
5,374,8,65.32,Male
5,375,8,38.89,Female
5,376,8,56.49,Female
5,377,8,63.6,Female
5,378,8,52.34,Male
5,379,8,35.59,Female
5,380,8,69.2,Female
5,381,8,69.04,Male
5,382,8,58.64,Male
5,383,8,66.32,Male
5,384,8,73.47,Male
5,385,8,79.12,Male
5,386,8,70.6,Female
5,387,8,66.74,Female
5,388,8,70.41,Female
5,389,8,62.88,Male
5,390,8,54.06,Male
5,391,8,67.96,Male
5,392,8,49.63,Male
5,393,9,56.84,Female
5,394,9,52.98,Male
5,395,9,48.92,Female
5,396,9,54.91,Female
5,397,9,52.57,Female
5,398,9,72.6,Male
5,399,9,70.07,Male
5,400,9,67.27,Male
5,401,9,62.27,Male
5,402,9,58.07,Male
5,403,9,47.1,Female
5,404,9,55.28,Male
5,405,9,47.19,Female
5,406,9,47.09,Female
5,407,9,65.33,Male
5,408,9,43.8,Male
5,409,9,58.12,Male
5,410,9,49.14,Male
5,411,9,69.51,Male
5,412,9,56.48,Male
5,413,9,52.7,Male
5,414,9,51.73,Male
5,415,9,43.65,Male
5,416,9,56.77,Female
5,417,9,70.21,Male
5,418,9,48.9,Male
5,419,9,50.97,Male
5,420,9,54.36,Female
5,421,9,50.95,Male
5,422,9,47.83,Male
5,423,9,76.16,Male
5,424,9,58.31,Female
5,425,9,70.55,Male
5,426,9,72.65,Male
5,427,9,48.41,Male
5,428,9,44.52,Male
5,429,9,52.77,Male
5,430,9,57.41,Female
5,431,9,63.89,Male
5,432,9,67.56,Male
5,433,9,51.42,Male
5,434,9,50.91,Female
5,435,10,69.07,Male
5,436,10,38.62,Female
5,437,10,48.43,Female
5,438,10,42,Male
5,439,10,40.94,Female
5,440,10,61.97,Female
5,441,10,42.36,Female
5,442,10,57.13,Female
5,443,10,46.72,Male
5,444,10,45.13,Female
5,445,10,58.03,Male
5,446,10,39.42,Female
5,447,10,54.53,Male
5,448,10,38.09,Female
5,449,10,43.81,Male
5,450,10,44.62,Female
5,451,10,39.14,Female
5,452,10,43.49,Male
5,453,10,39.8,Male
5,454,10,45.08,Male
5,455,10,71.45,Male
5,456,10,41.55,Female
5,457,10,46.93,Female
5,458,10,45.38,Female
5,459,10,78.41,Male
5,460,10,45.17,Male
5,461,10,53.04,Female
5,462,10,45.61,Male
5,463,10,56.97,Male
5,464,10,56.15,Female
5,465,10,45.31,Male
5,466,10,43.9,Female
5,467,10,62.4,Male
5,468,11,41.8,Male
5,469,11,44.96,Female
5,470,11,39.42,Male
5,471,11,51.91,Male
5,472,11,56.99,Male
5,473,11,40.92,Male
5,474,11,41.65,Female
5,475,11,63.62,Male
5,476,11,54.04,Male
5,477,11,45.86,Female
5,478,11,56.79,Female
5,479,11,58.96,Male
5,480,11,61.73,Male
5,481,11,54.65,Male
5,482,11,49.35019,Male
5,483,11,54.5,Male
5,484,11,54.21,Female
5,485,11,60.61,Male
5,486,11,59.2,Male
5,487,11,43.43,Female
5,488,11,45.08,Female
5,489,11,42.54,Female
5,490,11,40.64,Female
5,491,11,58.15,Female
5,492,11,41.48,Female
5,493,11,58.15,Male
5,494,11,46.38,Female
5,495,11,65.32,Female
5,496,11,43.8,Male
5,497,11,60.51,Female
5,498,11,64.07,Female
5,499,11,63.2,Male
5,500,11,64.33,Male
5,501,11,43.07,Male
5,502,11,66.18,Male
5,503,11,46.4,Female
5,504,11,50.37,Female
5,505,12,57.84,Male
5,506,12,42.41,Male
5,507,12,39.04,Female
5,508,12,32.27,Female
5,509,12,40.62,Female
5,510,12,42.57,Female
5,511,12,42.57,Female
5,512,12,49.24,Female
5,513,12,48.08,Female
5,514,12,60.55,Male
5,515,12,47.38,Female
5,516,12,37.19,Female
5,517,12,46.71,Male
5,518,12,60.89,Male
5,519,12,37.35,Female
5,520,12,57.31,Male
5,521,12,43.59,Female
5,522,12,45.56,Female
5,523,12,64.27,Male
5,524,12,63.02,Male
5,525,12,62.25,Male
5,526,12,64.81,Male
5,527,13,61.53,Male
5,528,13,42.02,Female
5,529,13,39.44,Male
5,530,13,39.77,Female
5,531,13,69.69,Male
5,532,13,37.32,Female
5,533,13,36.99,Female
5,534,13,63.27,Male
5,535,13,46.2,Female
5,536,13,57.91,Female
5,537,13,43.42,Male
5,538,13,39.87,Male
5,539,13,53.65,Male
5,540,13,43.34,Male
5,541,13,36.85,Female
5,542,13,38.58,Female
5,543,13,63.83,Male
5,544,13,39.81,Female
5,545,13,43.59,Male
5,546,13,66.96,Male
5,547,13,45.78,Female
5,548,13,69.03,Male
5,549,13,32.41,Female
5,550,13,48.79,Male
5,551,13,38.32,Female
5,552,13,38.59,Male
5,553,13,28.77,Female
5,554,13,60.61,Male
5,555,13,51.8,Male
5,556,13,55.58,Male
5,557,13,40.67,Female
5,558,13,61.88,Male
5,559,13,42.95,Male
5,560,13,38,Female
5,561,13,44.65,Male
5,562,13,63.41,Male
5,563,13,64.78,Male
5,564,13,48.4,Female
5,565,13,66.13,Male
5,566,13,55.7,Male
5,567,13,40.71,Male
5,568,14,25.73,Female
5,569,14,60.44,Male
5,570,14,58.29,Male
5,571,14,68.28,Male
5,572,14,45.29,Male
5,573,14,60.43,Male
5,574,14,41.42,Male
5,575,14,50.21,Male
5,576,14,38.17,Female
5,577,14,64.82,Male
5,578,14,44.81,Male
5,579,14,46.93,Male
5,580,14,38.56,Male
5,581,14,60.23,Male
5,582,14,56.8,Female
5,583,14,56.27,Male
5,584,14,43.89,Female
5,585,14,39.78,Female
5,586,14,44.11,Male
5,587,14,40.32,Female
5,588,14,66.69,Male
5,589,14,53.22,Female
5,590,14,67.26,Male
5,591,14,40.71,Male
5,592,14,45.38,Male
5,593,14,35.74,Female
5,594,14,61.63,Male
5,595,14,70.24,Male
5,596,14,48.41,Male
5,597,14,50.32,Male
5,598,14,42.11,Female
5,599,14,50.08,Female
5,600,14,38.48,Male
5,601,14,24.09,Female
5,602,14,40.12,Female
5,603,14,62.32,Male
5,604,14,46.91,Male
5,605,14,46.58,Male
5,606,14,44.03,Female
5,607,14,50.3,Male
5,608,14,58.79,Male
5,609,14,68.46,Male
5,610,14,80.32,Male
5,611,15,50.83,Male
5,612,15,41.66,Male
5,613,15,35.28,Male
5,614,15,54.38,Male
5,615,15,28.81,Female
5,616,15,40.58,Female
5,617,15,53.97,Female
5,618,15,43.36,Male
5,619,15,49.75,Male
5,620,15,60.85,Male
5,621,15,25.7,Female
5,622,15,59.76,Male
5,623,15,56.76,Female
5,624,15,49.35,Female
5,625,15,62.55,Male
5,626,15,43.43,Female
5,627,15,39.34,Male
5,628,15,64.58,Male
5,629,15,28.79,Male
5,630,15,24.77,Male
5,631,15,50.18,Male
5,632,15,55.02,Male
5,633,15,38.06,Male
5,634,15,44.26,Female
5,635,15,43.76,Female
5,636,15,53.56,Male
5,637,15,40.23,Female
5,638,15,62.8,Male
5,639,15,66.76,Male
5,640,15,59.62,Male
5,641,15,73.47,Male
5,642,15,45.56,Female
5,643,15,65.66,Male
5,644,15,43.02,Male
5,645,15,50.02,Male
5,646,15,67.74,Male
5,647,15,53.41,Male
5,648,15,41.53,Female
5,649,15,37.43,Female
5,650,15,22.73,Male
5,651,15,25.95,Female
5,652,15,50.87,Female
5,653,15,41.97,Female
5,654,15,30.97,Male
5,655,15,68.75,Male
5,656,15,57.55,Male
5,657,16,46.77,Female
5,658,16,47.82,Male
5,659,16,43.99,Female
5,660,16,38.12,Male
5,661,16,53.5,Male
5,662,16,49.6,Female
5,663,16,63.99,Male
5,664,16,47.95,Male
5,665,16,62.86,Male
5,666,16,59.48,Male
5,667,16,57.21,Male
5,668,16,68.18,Male
5,669,16,71.52,Male
5,670,16,58.13,Male
5,671,16,55.3,Male
5,672,16,43.08,Male
5,673,16,42.56,Female
5,674,16,49.49,Male
5,675,16,58.45,Male
5,676,16,44.93,Male
5,677,16,48.89,Male
5,678,16,51.88,Male
5,679,16,46.73,Female
5,680,16,74.44,Male
5,681,16,59.43,Female
5,682,16,59.54,Male
5,683,16,50.12,Female
5,684,16,41.41,Male
5,685,16,55.26,Male
5,686,16,66.42,Male
5,687,16,55.14,Male
5,688,16,61.43,Male
5,689,16,50.67,Female
5,690,16,54.23,Male
5,691,16,57.87,Male
5,692,16,63.61,Male
5,693,16,60.5,Female
5,694,16,57.44,Male
5,695,16,42.18,Female
5,696,16,78.39,Male
5,697,16,74.57,Male
5,698,16,59.97,Female
5,699,16,49.35,Female
5,700,16,58.18,Male
5,701,16,56.67,Male
5,702,16,65.43,Male
5,703,16,51.85,Male
5,704,17,49.86,Male
5,705,17,37.44,Female
5,706,17,42.04,Male
5,707,17,54.66,Male
5,708,17,38.77,Male
5,709,17,32.56,Female
5,710,17,64.44,Male
5,711,17,75.16,Male
5,712,17,35.87,Female
5,713,17,40.63,Male
5,714,17,51.81,Male
5,715,17,33.02,Female
5,716,17,31.14,Male
5,717,17,48.5,Female
5,718,17,38.78,Female
5,719,17,25.36,Female
5,720,17,41.56,Male
5,721,17,34.09,Female
5,722,17,41.3,Female
5,723,17,40.32,Female
5,724,17,30.47,Female
5,725,17,38.03,Male
5,726,17,56.92,Female
5,727,17,50.11,Male
5,728,17,42.37,Female
5,729,17,40.13,Female
5,730,17,51.05,Male
5,731,17,43.52,Female
5,732,17,38.13,Male
5,733,17,40.59,Male
5,734,17,30.95,Female
5,735,17,25.36,Female
5,736,17,38.08,Male
5,737,17,38.71,Male
5,738,17,43.55,Male
5,739,17,46.54,Male
5,740,17,42.41,Male
5,741,17,33.77,Female
5,742,17,46.5,Female
5,743,17,36.05,Female
5,744,17,41.45,Female
5,745,17,39.05,Female
5,746,17,34.76,Female
5,747,17,42.07,Female
5,748,17,45.6,Female
5,749,17,34.38,Male
5,750,17,44.48,Male
5,751,17,45.8,Male
5,752,17,38.18,Male
5,753,17,40.44,Male
5,754,17,46.42,Female
5,755,17,39.42,Female
5,756,17,41.36,Female
5,757,17,41.89,Female
5,758,17,45.89,Female
5,759,17,39.65,Male
5,760,18,59.85,Male
5,761,18,56.05,Male
5,762,18,54.92,Male
5,763,18,47.41,Male
5,764,18,36.16,Female
5,765,18,44.78,Male
5,766,18,47.77,Female
5,767,18,65,Male
5,768,18,45.96,Male
5,769,18,47.07,Female
5,770,18,45.57,Male
5,771,18,39.93,Female
5,772,18,61.47,Male
5,773,18,37.47,Female
5,774,18,40.7,Female
5,775,18,51.6,Male
5,776,18,43.07,Male
5,777,18,46.93,Male
5,778,18,38.57,Male
5,779,18,52.12,Male
5,780,18,47.8,Male
5,781,18,31.4,Female
5,782,18,44.8,Female
5,783,18,59.62,Male
5,784,18,40.01,Male
5,785,18,39.62,Male
5,786,18,40.59,Male
5,787,18,35.76,Female
5,788,18,41.95,Male
5,789,18,59.28,Male
5,790,18,49.39,Male
5,791,18,43.13,Male
5,792,18,48.99,Male
5,793,18,48.84,Male
5,794,18,48.51,Female
5,795,18,55.94,Male
5,796,18,55.26,Male
5,797,18,53.3,Female
5,798,18,37.22,Female
5,799,18,39.72,Male
5,800,18,53.29,Male
5,801,18,49.78,Male
5,802,18,46.84,Male
5,803,18,72.1,Male
5,804,18,59.76,Male
5,805,18,53.59,Male
5,806,18,48.27,Male
5,807,18,75.41,Male
5,808,18,72.43,Male
5,809,18,42.56,Male
5,810,18,56.91,Male
5,811,18,47.89,Male
5,812,18,36.82,Female
5,813,18,36.89,Male
5,814,18,44.52,Female
